Name,IPA,Evolution,Types,Weight_lb,Height_in,HP,Attack,Defense,Special Attack,Special Defense,Speed,Total Power
Abomasnow,əˈbɑːməsnoʊ,post,"['Grass', 'Ice']",298.7,87,90,92,75,92,85,60,494
Abra,ˈæbɹə,pre,['Psychic'],43,35,25,20,15,105,55,90,310
Absol,ˈæbsɔːl,pre,['Dark'],103.6,47,65,130,60,75,60,75,465
Accelgor,ækˈsɛlɡɔːɹ,post,['Bug'],55.8,31,80,70,40,100,60,145,495
Aegislash,ˈiːdʒɪslæʃ,post,"['Steel', 'Ghost']",116.8,67,60,50,150,50,150,60,520
Aerodactyl,ɛɹəˈdæktəl,pre,"['Rock', 'Flying']",130.1,71,80,105,65,60,75,130,515
Aggron,ˈæɡɹɑːn,post,"['Steel', 'Rock']",793.7,83,70,110,180,60,60,50,530
Aipom,ˈeɪpɑːm,pre,['Normal'],25.4,0,55,70,55,40,55,85,360
Alakazam,ˌæləkəˈzæm,post,['Psychic'],105.8,59,55,50,45,135,85,120,490
Alcremie,ˈælkɹəmiː,post,['Fairy'],1.1,12,65,60,75,110,121,64,495
Alomomola,əˌloʊməˈmoʊlə,pre,['Water'],69.7,47,165,75,80,40,45,65,470
Altaria,ɑːlˈtɑːɹiːə,post,"['Dragon', 'Flying']",45.4,43,75,70,90,70,105,80,490
Amaura,əˈmɔːɹə,pre,"['Rock', 'Ice']",55.6,51,77,59,50,67,63,46,362
Ambipom,ˈæmbɪpɑːm,post,['Normal'],44.8,47,75,100,66,60,66,115,482
Amoonguss,əˈmuːŋɡəs,post,"['Grass', 'Poison']",23.1,24,114,85,70,85,80,30,464
Ampharos,ˈæmfəɹɑːs,post,['Electric'],135.6,55,90,75,75,115,90,55,500
Annihilape,əˈnaɪəleɪp,post,"['Fighting', 'Ghost']",123.5,47,110,115,80,50,90,90,535
Anorith,ˈænəɹɪθ,pre,"['Rock', 'Bug']",27.6,28,45,95,50,40,50,75,355
Appletun,ˈæpəltən,post,"['Grass', 'Dragon']",28.7,16,110,85,80,100,80,30,485
Applin,ˈæplɪn,pre,"['Grass', 'Dragon']",1.1,8,40,40,80,40,40,20,260
Araquanid,əˈɹæːkwənɪd,post,"['Water', 'Bug']",180.8,71,68,70,92,50,132,42,454
Arbok,ˈɑːɹbɑːk,post,['Poison'],143.3,138,60,85,69,65,79,80,438
Arboliva,ɑɹˈbɑːləvə,post,"['Grass', 'Normal']",106.3,55,78,69,90,125,109,39,510
Arcanine,ˈɑːɹkənɑɪn,post,"['Fire', 'Rock', 'Fire']",341.7,75,90,110,80,100,80,95,555
Arceus,ˈɑːɹkiːəs,pre,['Normal'],705.5,126,120,120,120,120,120,120,720
Archen,ˈɑːɹkən,pre,"['Rock', 'Flying']",20.9,20,55,112,45,74,45,70,401
Archeops,ˈɑːɹkiːɑːps,post,"['Rock', 'Flying']",70.5,55,75,140,65,112,65,110,567
Arctibax,ˈɑɹktɪbæks,post,"['Dragon', 'Ice']",66.1,31,90,95,66,45,65,62,423
Arctovish,ˈɑɹktəvɪʃ,pre,"['Water', 'Ice']",385.8,79,90,90,100,80,90,55,505
Arctozolt,ˈɑɹktəzɔːlt,pre,"['Electric', 'Ice']",330.7,91,90,100,90,90,80,55,505
Ariados,ˈɛɹiːədoʊs,post,"['Bug', 'Poison']",73.9,0,70,90,70,60,60,40,390
Armaldo,ɑːɹˈmɑːldoʊ,post,"['Rock', 'Bug']",150.4,59,75,125,100,70,80,45,495
Armarouge,ˈɑːɹmɚuːʒ,post,"['Fire', 'Psychic']",187.4,59,85,60,100,125,80,75,525
Aromatisse,əɹoʊməˈtiːs,post,['Fairy'],34.2,31,101,72,72,99,89,29,462
Aron,ˈɛɹɑːn,pre,"['Steel', 'Rock']",132.3,16,50,70,100,40,40,30,330
Arrokuda,ˌɛrəˈkuːdə,pre,['Water'],2.2,20,41,63,40,40,30,66,280
Articuno,ˌɑːɹɾɪˈkuːnoʊ,pre,"['Ice', 'Flying', 'Psychic', 'Flying']",122.1,67,90,85,100,95,125,85,580
Audino,ˈɑːdɪnoʊ,pre,['Normal'],68.3,43,103,60,86,60,86,50,445
Aurorus,əˈɹɔːɹəs,post,"['Rock', 'Ice']",496,106,123,77,72,99,92,58,521
Avalugg,ˈævəlʌɡ,post,"['Ice', 'Rock', 'Ice']",1113.3,79,95,117,184,44,46,28,514
Axew,ˈæksjuː,pre,['Dragon'],39.7,24,46,87,60,30,40,57,320
Azelf,ˈæzɛlf,pre,['Psychic'],0.7,12,75,125,70,125,70,115,580
Azumarill,əˈzuːməɹɪl,post,"['Water', 'Fairy']",62.8,31,100,50,80,50,80,50,410
Azurill,əˈzuːɹɪl,pre,"['Normal', 'Fairy']",4.4,8,50,20,40,20,40,20,190
Bagon,ˈbeɪɡɑːn,pre,['Dragon'],92.8,24,45,75,60,40,30,50,300
Baltoy,ˈbɑːltɔɪ,pre,"['Ground', 'Psychic']",47.4,20,40,40,55,40,70,55,300
Banette,beɪˈnɛt,post,['Ghost'],27.6,43,64,115,65,83,63,65,455
Barbaracle,bɑːɹˈbɛɹəkəl,post,"['Rock', 'Water']",211.6,51,72,105,115,54,86,68,500
Barboach,ˈbɑːɹboʊtʃ,pre,"['Water', 'Ground']",4.2,16,50,48,43,46,41,60,288
Barraskewda,ˌbɛrəˈskjuːdə,post,['Water'],66.1,51,61,123,60,60,50,136,490
Basculegion,ˌbæskjuːˈliːdʒən,post,"['Water', 'Ghost']",242.5,118,120,112,65,80,75,78,530
Basculin,ˈbæskjuːlɪn,pre,['Water'],39.7,39,70,92,65,80,55,98,460
Bastiodon,ˈbæstiːoʊdɑːn,post,"['Rock', 'Steel']",329.6,51,60,52,168,47,138,30,495
Baxcalibur,bæksˈkælɪbɚ,post,"['Dragon', 'Ice']",463,83,115,145,92,75,86,87,600
Bayleef,ˈbeɪliːf,post,['Grass'],34.8,47,60,62,80,63,80,60,405
Beartic,ˈbɛɹtɪk,post,['Ice'],573.2,102,95,110,80,70,80,50,485
Beautifly,ˈbjuːtəflaɪ,post,"['Bug', 'Flying']",62.6,39,60,70,50,90,50,65,385
Beedrill,ˈbiːdɹɪl,post,"['Bug', 'Poison']",65,39,65,80,40,45,80,75,385
Beheeyem,ˈbiːhiːjɛm,post,['Psychic'],76.1,39,75,75,75,125,95,40,485
Beldum,ˈbɛldʌm,pre,"['Steel', 'Psychic']",209.9,24,40,55,80,35,60,30,300
Bellibolt,ˈbɛliːbɔlt,post,['Electric'],249.1,47,109,64,91,103,83,45,495
Bellossom,bɛlˈɑːsəm,post,['Grass'],12.8,16,75,80,85,90,100,50,480
Bellsprout,ˈbɛlspɹaʊt,pre,"['Grass', 'Poison']",8.8,28,50,75,35,70,30,40,300
Bergmite,ˈbɝːɡmaɪt,pre,['Ice'],219.4,39,55,69,85,32,35,28,304
Bewear,bəˈwɛɹ,post,"['Normal', 'Fighting']",297.6,83,120,125,80,55,60,60,500
Bibarel,ˈbiːbɛɹəl,post,"['Normal', 'Water']",69.4,39,79,85,60,55,60,71,410
Bidoof,ˈbiːduːf,pre,['Normal'],44.1,20,59,45,40,35,40,31,250
Binacle,ˈbaɪnəkəl,pre,"['Rock', 'Water']",68.3,20,42,52,67,39,56,50,306
Bisharp,ˈbɪʃɑːɹp,post,"['Dark', 'Steel']",154.3,63,65,125,100,60,70,70,490
Blacephalon,bləˈsɛfəlɑːn,pre,"['Fire', 'Ghost']",28.7,71,53,127,53,151,79,107,570
Blastoise,ˈblæstɔɪs,post,['Water'],188.5,63,79,83,100,85,105,78,530
Blaziken,ˈbleɪzəkən,post,"['Fire', 'Fighting']",114.6,75,80,120,70,110,70,80,530
Blipbug,ˈblɪpbʌɡ,pre,['Bug'],17.6,16,25,20,20,25,45,45,180
Blissey,ˈblɪsiː,post,['Normal'],103.2,59,255,10,10,75,135,55,540
Blitzle,ˈblɪtsəl,pre,['Electric'],65.7,31,45,60,32,50,32,76,295
Boldore,ˈboʊldɔːɹ,post,['Rock'],224.9,35,70,105,105,50,40,20,390
Boltund,ˈbɔːltənd,post,['Electric'],75,39,69,90,60,90,60,121,490
Bombirdier,ˌbɑːmˈbɝdiːɚ,pre,"['Flying', 'Dark']",94.6,59,70,103,85,60,85,82,485
Bonsly,ˈbɑːnslaɪ,pre,['Rock'],33.1,20,50,80,95,10,45,10,290
Bouffalant,ˈbuːfəlɑːnt,pre,['Normal'],208.6,63,95,110,95,40,95,55,490
Bounsweet,ˈbaʊnswiːt,pre,['Grass'],7.1,12,42,30,38,30,38,32,210
Braixen,ˈbɹeɪksɪn,post,['Fire'],32,39,59,59,58,90,70,73,409
Brambleghast,ˈbɹæmbəlɡæst,post,"['Grass', 'Ghost']",13.2,47,55,115,70,80,70,90,480
Bramblin,ˈbɹæmblɪn,pre,"['Grass', 'Ghost']",1.3,24,40,65,30,45,35,60,275
Braviary,ˈbɹeɪviːɛɹiː,post,"['Normal', 'Flying', 'Psychic', 'Flying']",90.4,59,100,123,75,57,75,80,510
Breloom,ˈbɹɛluːm,post,"['Grass', 'Fighting']",86.4,47,60,130,80,60,60,70,460
Brionne,bɹiːˈɑːn,post,['Water'],38.6,24,60,69,69,91,81,50,420
Bronzong,ˈbɹɑːnzɑːŋ,post,"['Steel', 'Psychic']",412.3,51,67,89,116,79,116,33,500
Bronzor,ˈbɹɑːnzɔːɹ,pre,"['Steel', 'Psychic']",133.4,20,57,24,86,24,86,23,300
Brute Bonnet,ˌbɹuːt ˈbɑːnət,pre,"['Grass', 'Dark']",46.3,47,111,127,99,79,99,55,570
Bruxish,ˈbɹʌksɪʃ,pre,"['Water', 'Psychic']",41.9,35,68,105,70,70,70,92,475
Budew,bəˈduː,pre,"['Grass', 'Poison']",2.6,8,40,30,35,50,70,55,280
Buizel,ˈbwiːzəl,pre,['Water'],65,28,55,65,35,60,30,85,330
Bulbasaur,ˈbʊlbəsɔːɹ,pre,"['Grass', 'Poison']",15.2,28,45,49,49,65,65,45,318
Buneary,bəˈnɪɹiː,pre,['Normal'],12.1,16,55,66,44,44,56,85,350
Bunnelby,ˈbʌnəlbiː,pre,['Normal'],11,16,38,36,38,32,36,57,237
Burmy,ˈbɝːmiː,pre,['Bug'],7.5,8,40,29,45,29,45,36,224
Butterfree,ˈbʌɾɚfɹiː,post,"['Bug', 'Flying']",70.5,43,60,45,50,80,80,70,385
Buzzwole,ˈbʌzwɔːl,pre,"['Bug', 'Fighting']",735.5,94,107,139,139,53,53,79,570
Cacnea,ˈkækniːə,pre,['Grass'],113.1,16,50,85,40,85,40,35,335
Cacturne,ˈkæktɚn,post,"['Grass', 'Dark']",170.6,51,70,115,60,115,60,55,475
Calyrex,ˈkæləɹɛks,pre,"['Psychic', 'Grass', 'Psychic', 'Ice', 'Psychic', 'Ghost']",17,43,100,80,80,80,80,80,500
Camerupt,ˈkæmɚʌpt,post,"['Fire', 'Ground']",485,75,70,100,70,105,75,40,460
Capsakid,kæpˈsɛɪkɪd,pre,['Grass'],6.6,12,50,62,40,62,40,50,304
Carbink,ˈkɑːɹbɪŋk,pre,"['Rock', 'Fairy']",12.6,12,50,50,150,50,150,50,500
Carkol,ˈkɑɹkɔːl,post,"['Rock', 'Fire']",172,43,80,60,90,60,70,50,410
Carnivine,ˈkɑːɹnɪvaɪn,pre,['Grass'],59.5,55,74,100,72,90,72,46,454
Carracosta,ˌkɑːɹəˈkɑːstə,post,"['Water', 'Rock']",178.6,47,74,108,133,83,65,32,495
Carvanha,kɑːɹˈvɑːnə,pre,"['Water', 'Dark']",45.9,31,45,90,20,65,20,65,305
Cascoon,ˈkæskuːn,post,['Bug'],25.4,28,50,35,55,25,25,15,205
Castform,ˈkæstfɔːɹm,pre,"['Normal',, 'Fire',, 'Water',, 'Ice']",1.8,12,70,70,70,70,70,70,420
Caterpie,ˈkæɾɚpiː,pre,['Bug'],6.4,12,45,30,35,20,20,45,195
Celebi,ˈsɛləbiː,pre,"['Psychic', 'Grass']",11,24,100,100,100,100,100,100,600
Celesteela,ˌsɛləˈstiːlə,pre,"['Steel', 'Flying']",2204.4,362,97,101,103,107,101,61,570
Centiskorch,ˈsɛntəskɔːɹtʃ,post,"['Fire', 'Bug']",264.6,118,100,115,65,90,90,65,525
Ceruledge,səˈɹuːlɛdʒ,post,"['Fire', 'Ghost']",136.7,63,75,125,80,60,100,85,525
Cetitan,səˈtaɪtən,post,['Ice'],543.2,177,170,113,65,45,55,73,521
Cetoddle,səˈtɑːdəl,pre,['Ice'],99.2,47,108,68,45,30,40,43,334
Chandelure,ʃændəˈlʊəɹ,post,"['Ghost', 'Fire']",75.6,39,60,55,90,145,90,80,520
Chansey,ˈtʃænsiː,post,['Normal'],76.3,43,250,5,5,35,105,50,450
Charcadet,tʃɑːɹkədɛt,pre,['Fire'],23.1,24,40,50,40,50,40,35,255
Charizard,ˈtʃɑːɹɪzɑːɹd,post,"['Fire', 'Flying']",199.5,67,78,84,78,109,85,100,534
Charjabug,ˈtʃɑːɹdʒəbʌɡ,post,"['Bug', 'Electric']",23.1,20,57,82,95,55,75,36,400
Charmander,ˈtʃɑːɹmændɚ,pre,['Fire'],18.7,24,39,52,43,60,50,65,309
Charmeleon,tʃɑːɹˈmiːljən,post,['Fire'],41.9,43,58,64,58,80,65,80,405
Chatot,ˈtʃætɑːt,pre,"['Normal', 'Flying']",4.2,20,76,65,45,92,42,91,411
Cherrim,ˈtʃɛɹɪm,post,['Grass'],20.5,20,70,60,70,87,78,85,450
Cherubi,tʃɚˈuːbiː,pre,['Grass'],7.3,16,45,35,45,62,53,35,275
Chesnaught,ˈtʃɛsnɑːt,post,"['Grass', 'Fighting']",198.4,63,88,107,122,74,75,64,530
Chespin,ˈtʃɛspɪn,pre,['Grass'],19.8,16,56,61,65,48,45,38,313
Chewtle,ˈtʃuːɾəl,pre,['Water'],18.7,12,50,64,50,38,38,44,284
Chi-Yu,tʃiːˈjuː,pre,"['Dark', 'Fire']",10.8,16,55,80,80,145,120,100,580
Chien-Pao,tʃiːənˈpaʊ,pre,"['Dark', 'Ice']",335.5,75,80,130,80,90,65,135,580
Chikorita,ˌtʃɪkɔːɹˈiːɾə,pre,['Grass'],14.1,35,45,49,65,49,65,45,318
Chimchar,ˈtʃɪmtʃɑːɹ,pre,['Fire'],13.7,0,44,58,44,58,44,61,309
Chimecho,tʃaɪˈmɛkoʊ,post,['Psychic'],2.2,24,65,50,70,95,80,65,425
Chinchou,ˈtʃɪntʃaʊ,pre,"['Water', 'Electric']",26.5,20,75,38,38,56,56,67,330
Chingling,ˈtʃɪŋlɪŋ,pre,['Psychic'],1.3,8,45,30,50,65,50,45,285
Cinccino,tʃɪnˈtʃiːnoʊ,post,['Normal'],16.5,20,75,95,60,65,60,115,470
Cinderace,ˈsɪndɚeɪs,post,['Fire'],72.8,55,80,116,75,65,75,119,530
Clamperl,ˈklæmpɚl,pre,['Water'],115.7,16,35,64,85,74,55,32,345
Clauncher,ˈklɑːntʃɚ,pre,['Water'],18.3,20,50,53,62,58,63,44,330
Clawitzer,ˈklɑːwɪtsɚ,post,['Water'],77.8,51,71,73,88,120,89,59,500
Claydol,ˈkleɪdɔl,post,"['Ground', 'Psychic']",238,59,60,70,105,70,120,75,500
Clefable,klɛˈfeɪbəl,post,['Fairy'],88.2,51,95,70,73,85,90,60,473
Clefairy,klɛˈfɛɹiː,post,['Fairy'],16.5,24,70,45,48,60,65,35,323
Cleffa,ˈklɛfə,pre,['Fairy'],6.6,12,50,25,28,45,55,15,218
Clobbopus,ˈklɑːbəpʊs,pre,['Fighting'],8.8,24,50,68,60,50,50,32,310
Clodsire,ˈklɑːdsaɪɚ,post,"['Poison', 'Ground']",491.6,71,130,75,60,45,100,20,430
Cloyster,ˈklɔɪstɚ,post,"['Water', 'Ice']",292.1,59,50,95,180,85,45,70,525
Coalossal,kɔːlˈɑːsəl,post,"['Rock', 'Fire']",684.5,110,110,80,120,80,90,30,510
Cobalion,koʊˈbeɪliːən,pre,"['Steel', 'Fighting']",551.2,83,91,90,129,90,72,108,580
Cofagrigus,ˌkɑːfəˈɡɹiːɡəs,post,['Ghost'],168.7,67,58,50,145,95,105,30,483
Combee,ˈkoʊmbiː,pre,"['Bug', 'Flying']",12.1,12,30,30,42,30,42,70,244
Combusken,kəmˈbʌskən,post,"['Fire', 'Fighting']",43,35,60,85,60,85,60,55,405
Comfey,ˈkʌmfeɪ,pre,['Fairy'],0.7,4,51,52,90,82,110,100,485
Conkeldurr,kɑːŋˈkɛldɚ,post,['Fighting'],191.8,55,105,140,95,55,65,45,505
Copperajah,ˌkɑːpɚɑːʒə,post,['Steel'],1433,118,122,130,69,80,69,30,500
Corphish,ˈkɔːɹfɪʃ,pre,['Water'],25.4,24,43,80,65,50,35,35,308
Corsola,ˈkɔːɹsələ,pre,"['Water', 'Rock', 'Ghost']",11,0,55,55,85,65,85,35,380
Corviknight,ˈkɔːɹvənaɪt,post,"['Flying', 'Steel']",165.3,87,98,87,105,53,85,67,495
Corvisquire,ˈkɔːɹvəskwaɪɹ,post,['Flying'],35.3,31,68,67,55,43,55,77,365
Cosmoem,ˈkɑːzmoʊɛm,post,['Psychic'],2204.4,4,43,29,131,29,131,37,400
Cosmog,ˈkɑːzmɑːɡ,pre,['Psychic'],0.2,8,43,29,31,29,31,37,200
Cottonee,ˈkɑːʔəniː,pre,"['Grass', 'Fairy']",1.3,12,40,27,60,37,50,66,280
Crabominable,kræbˈɑːmɪnəbəl,post,"['Fighting', 'Ice']",396.8,67,97,132,77,62,67,43,478
Crabrawler,kɹæbˈɹɑːlɚ,pre,['Fighting'],15.4,24,47,82,57,42,47,63,338
Cradily,kɹeɪˈdɪliː,post,"['Rock', 'Grass']",133.2,59,86,81,97,81,107,43,495
Cramorant,ˈkɹæmɚənt,pre,"['Flying', 'Water']",39.7,31,70,85,55,85,95,85,475
Cranidos,ˈkɹeɪniːdoʊs,pre,['Rock'],69.4,35,67,125,40,30,30,58,350
Crawdaunt,ˈkrɑːdɑːnt,post,"['Water', 'Dark']",72.3,43,63,120,85,90,55,55,468
Cresselia,kɹɛsˈɛliːə,pre,['Psychic'],188.7,59,120,70,120,75,130,85,600
Croagunk,ˈkɹoʊɡʌŋk,pre,"['Poison', 'Fighting']",50.7,28,48,61,40,61,40,50,300
Crobat,ˈkɹoʊbæt,post,"['Poison', 'Flying']",165.3,0,85,90,80,70,80,130,535
Crocalor,ˈkɹɑːkəlɔɹ,post,['Fire'],67.7,39,81,55,78,90,58,49,411
Croconaw,ˈkɹɑːkənɑː,post,['Water'],55.1,43,65,80,80,59,63,58,405
Crustle,ˈkɹʌstəl,post,"['Bug', 'Rock']",440.9,55,70,95,125,65,75,45,475
Cryogonal,kɹaɪˈɑːɡənəl,pre,['Ice'],326.3,43,70,50,30,95,135,105,485
Cubchoo,ˈkʌbtʃuː,pre,['Ice'],18.7,20,55,70,40,60,40,40,305
Cubone,ˈkjuːboʊn,pre,['Ground'],14.3,16,50,50,95,40,50,35,320
Cufant,ˈkjuːfənt,pre,['Steel'],220.5,47,72,80,49,40,49,40,330
Cursola,ˈkɝsələ,post,['Ghost'],0.9,39,60,95,50,145,130,30,510
Cutiefly,ˈkjutiːflaɪ,pre,"['Bug', 'Fairy']",0.4,4,40,45,40,55,40,84,304
Cyclizar,ˈsaɪkləzɑːɹ,pre,"['Dragon', 'Normal']",138.9,63,70,95,65,85,65,121,501
Cyndaquil,ˈsɪndəkwɪl,pre,['Fire'],17.4,20,39,52,43,60,50,65,309
Dachsbun,ˈdɑːksbʌn,post,['Fairy'],32.8,20,57,80,115,50,80,95,477
Darkrai,ˈdɑːɹkɹaɪ,pre,['Dark'],111.3,59,70,90,90,135,90,125,600
Darmanitan,dɑːɹˈmænɪtæn,post,"['Fire', 'Psychic', 'Ice', 'Fire', 'Fire',, 'Ice']",204.8,51,105,140,55,30,55,95,480
Dartrix,ˈdɑːɹtrɪks,post,"['Grass', 'Flying']",35.3,28,78,75,75,70,70,52,420
Darumaka,dɑːɹuːˈmɑːkə,pre,"['Fire',, 'Ice']",82.7,24,70,90,45,15,45,50,315
Decidueye,dɪˈsɪdʒjuːaɪ,post,"['Grass', 'Ghost', 'Grass', 'Fighting']",80.7,63,78,107,75,100,100,70,530
Dedenne,dəˈdɛneɪ,pre,"['Electric', 'Fairy']",4.9,8,67,58,57,81,67,101,431
Deerling,ˈdɪɹlɪŋ,pre,"['Normal', 'Grass']",43,24,60,60,50,40,50,75,335
Deino,ˈdaɪnoʊ,pre,"['Dark', 'Dragon']",38.1,31,52,65,50,45,50,38,300
Delcatty,ˈdɛlkætiː,post,['Normal'],71.9,43,70,65,65,55,55,70,380
Delibird,ˈdɛliːbɚd,pre,"['Ice', 'Flying']",35.3,0,45,55,45,65,45,75,330
Delphox,ˈdɛlfɑːks,post,"['Fire', 'Psychic']",86,59,75,69,72,114,100,104,534
Deoxys,diːˈɑːksɪs,pre,['Psychic'],134,67,50,150,50,150,50,150,600
Dewgong,ˈduːɡɑːŋ,post,"['Water', 'Ice']",264.6,67,90,70,80,70,95,70,475
Dewott,ˈduwɑːt,post,['Water'],54,31,75,75,60,83,60,60,413
Dewpider,ˈduːpədɚ,pre,"['Water', 'Bug']",8.8,12,38,40,52,40,72,27,269
Dhelmise,dɛlˈmaɪz,pre,"['Ghost', 'Grass']",463,154,70,131,100,86,90,40,517
Dialga,diːˈɑːlɡə,pre,"['Steel', 'Dragon']",1505.8,213,100,120,120,150,100,90,680
Diancie,daɪˈɑːnsiː,pre,"['Rock', 'Fairy']",19.4,28,50,100,150,100,150,50,600
Diggersby,ˈdɪɡɚzbiː,post,"['Normal', 'Ground']",93.5,39,85,56,77,50,77,78,423
Diglett,ˈdɪɡlət,pre,"['Ground', 'Steel', 'Ground']",1.8,8,10,55,25,35,45,95,265
Ditto,ˈdɪtoʊ,pre,['Normal'],8.8,12,48,48,48,48,48,48,288
Dodrio,doʊˈdɹiːoʊ,post,"['Normal', 'Flying']",187.8,71,60,110,70,60,60,100,460
Doduo,doʊˈduːoʊ,pre,"['Normal', 'Flying']",86.4,55,35,85,45,35,35,75,310
Dolliv,ˈdɑːlɪv,post,"['Grass', 'Normal']",26.2,24,52,53,60,78,78,33,354
Dondozo,doʊnˈdoʊnzoʊ,pre,['Water'],485,472,150,100,115,65,65,35,530
Donphan,ˈdɑːnfæn,post,['Ground'],264.6,0,90,120,120,60,60,50,500
Dottler,ˈdɑːtlɚ,post,"['Bug', 'Psychic']",43,16,50,35,80,50,90,30,335
Doublade,ˈdʌbleɪd,post,"['Steel', 'Ghost']",9.9,31,59,110,150,45,49,35,448
Dracovish,ˈdɹækəvɪʃ,pre,"['Water', 'Dragon']",474,91,90,90,100,70,80,75,505
Dracozolt,ˈdɹækəzɔːlt,pre,"['Electric', 'Dragon']",418.9,71,90,100,90,80,70,75,505
Dragalge,dɹəˈɡældʒiː,post,"['Poison', 'Dragon']",179.7,71,65,75,90,97,123,44,494
Dragapult,ˈdɹæɡəpʊlt,post,"['Dragon', 'Ghost']",110.2,118,88,120,75,100,75,142,600
Dragonair,ˈdɹæɡənɛɹ,post,['Dragon'],36.4,157,61,84,65,70,70,70,420
Dragonite,ˈdɹæɡənaɪt,post,"['Dragon', 'Flying']",463,87,91,134,95,100,100,80,600
Drakloak,ˈdɹækloʊk,post,"['Dragon', 'Ghost']",24.3,55,68,80,50,60,50,102,410
Drampa,ˈdɹæmpə,pre,"['Normal', 'Dragon']",407.9,118,78,60,85,135,91,36,485
Drapion,ˈdɹæpiːɑːn,post,"['Poison', 'Dark']",135.6,51,70,90,110,60,75,95,500
Dratini,dɹəˈtiːniː,pre,['Dragon'],7.3,71,41,64,45,50,50,50,300
Drednaw,ˈdɹɛdnɑː,post,"['Water', 'Rock']",254.6,39,90,115,90,48,68,74,485
Dreepy,ˈdɹiːpiː,pre,"['Dragon', 'Ghost']",4.4,20,28,60,30,40,30,82,270
Drifblim,ˈdɹɪfblɪm,post,"['Ghost', 'Flying']",33.1,47,150,80,44,90,54,80,498
Drifloon,ˈdɹɪfluːn,pre,"['Ghost', 'Flying']",2.6,16,90,50,34,60,44,70,348
Drilbur,ˈdɹɪlbɚ,pre,['Ground'],18.7,12,60,85,40,30,45,68,328
Drizzile,ˈdɹɪzaɪl,post,['Water'],25.4,28,65,60,55,95,55,90,420
Drowzee,ˈdɹaʊziː,pre,['Psychic'],71.4,39,60,48,45,43,90,42,328
Druddigon,ˈdɹʌdɪɡən,pre,['Dragon'],306.4,63,77,120,90,60,90,48,485
Dubwool,ˈdʌbwʊl,post,['Normal'],94.8,51,72,80,100,60,90,88,490
Ducklett,ˈdʌklət,pre,"['Water', 'Flying']",12.1,20,62,44,50,44,50,55,305
Dudunsparce,dəˈdʌnspɑːɹs,post,['Normal'],86.4,142,125,100,80,85,75,55,520
Dugtrio,dʌɡˈtɹiːoʊ,post,"['Ground', 'Steel', 'Ground']",73.4,28,35,80,50,50,70,120,405
Dunsparce,ˈdʌnspɑːɹs,pre,['Normal'],30.9,59,100,70,70,65,65,45,415
Duosion,duːˈoʊʒən,post,['Psychic'],17.6,24,65,40,50,125,60,30,370
Duraludon,dɚˈælədɑn,pre,"['Steel', 'Dragon']",88.2,71,70,95,115,120,50,85,535
Durant,dɚˈænt,pre,"['Bug', 'Steel']",72.8,12,58,109,112,48,48,109,484
Dusclops,ˈdʌsklɑːps,post,['Ghost'],67.5,63,40,70,130,60,130,25,455
Dusknoir,ˈdʌsknwɑːɹ,post,['Ghost'],235,87,45,100,135,65,135,45,525
Duskull,ˈdʌskəl,pre,['Ghost'],33.1,31,20,40,90,30,90,25,295
Dustox,ˈdʌstɑːks,post,"['Bug', 'Poison']",69.7,47,60,50,70,50,90,65,385
Dwebble,ˈdwɛbəl,pre,"['Bug', 'Rock']",32,12,50,65,85,35,35,55,325
Eelektrik,ˈiːlɛktɹɪk,post,['Electric'],48.5,47,65,85,70,75,70,40,405
Eelektross,ˈiːlɛktɹaːs,post,['Electric'],177.5,83,85,115,80,105,80,50,515
Eevee,ˈiːviː,pre,['Normal'],14.3,12,55,55,50,45,65,55,325
Eiscue,ˈaɪskju,pre,['Ice'],196.2,55,75,80,110,65,90,50,470
Ekans,ˈɛkənz,pre,['Poison'],15.2,79,35,60,44,40,54,55,288
Eldegoss,ˈɛldəɡɑːs,post,['Grass'],5.5,20,60,50,90,80,120,60,460
Electabuzz,əˈlɛktəbʌz,post,['Electric'],66.1,43,65,83,57,95,85,105,490
Electivire,ɪˈlɛktəvɑɪɹ,post,['Electric'],305.6,71,75,123,67,95,85,95,540
Electrike,ɪˈlɛktɹɑɪk,pre,['Electric'],33.5,24,40,45,40,65,40,65,295
Electrode,ɪˈlɛktɹoʊd,post,"['Electric', 'Grass', 'Electric']",146.8,47,60,50,70,80,80,140,480
Elekid,ˈɛləkɪd,pre,['Electric'],51.8,24,45,63,37,65,55,95,360
Elgyem,ˈɛldʒiːjɛm,pre,['Psychic'],19.8,20,55,55,55,85,55,30,335
Emboar,ˈɛmbɔːɹ,post,"['Fire', 'Fighting']",330.7,63,110,123,65,100,65,65,528
Emolga,əˈmɔːlɡə,pre,"['Electric', 'Flying']",11,16,55,75,60,75,60,103,428
Empoleon,ɛmˈpɔːliːɑːn,post,"['Water', 'Steel']",186.3,67,84,86,88,111,101,60,530
Enamorus,ɪˈnæmɚɪs,pre,"['Fairy', 'Flying']",105.8,63,74,115,70,135,80,106,580
Entei,ˈɛnteɪ,pre,['Fire'],436.5,83,115,115,85,90,75,100,580
Escavalier,ˌɛskævəˈlɪɹ,post,"['Bug', 'Steel']",72.8,39,70,135,105,60,105,20,495
Espathra,ɛsˈpæθɹə,post,['Psychic'],198.4,75,95,60,60,101,60,105,481
Espeon,ˈɛspiːɑːn,post,['Psychic'],58.4,0,65,65,60,130,95,110,525
Espurr,ˈɛspɚ,pre,['Psychic'],7.7,12,62,48,54,63,60,68,355
Eternatus,ɪˈtɝnətəs,pre,"['Poison', 'Dragon']",2094.4,787,140,85,95,145,95,130,690
Excadrill,ˈɛksədrɪl,post,"['Ground', 'Steel']",89.1,28,110,135,60,50,65,88,508
Exeggcute,ˈɛɡzəɡkjuːt,pre,"['Grass', 'Psychic']",5.5,16,60,40,80,60,45,40,325
Exeggutor,ɛɡzˈɛɡjuːtɔːɹ,post,"['Grass', 'Psychic', 'Grass', 'Dragon']",264.6,79,95,95,85,125,65,55,520
Exploud,ɛkˈsplaʊd,post,['Normal'],185.2,59,104,91,63,91,63,68,480
Falinks,ˈfeɪlɪŋks,pre,['Fighting'],136.7,118,65,100,100,70,60,75,470
Farfetch'd,ˈfɑːɹfɛtʃt,pre,"['Normal', 'Flying', 'Fighting']",33.1,31,52,65,55,58,62,60,352
Farigiraf,fəˈɹɪɡəɹæf,post,"['Normal', 'Psychic']",352.7,126,120,90,70,110,70,60,520
Fearow,ˈfɪɹoʊ,post,"['Normal', 'Flying']",83.8,47,65,90,65,61,61,100,442
Feebas,ˈfiːbæs,pre,['Water'],16.3,24,20,15,20,10,55,80,200
Fennekin,ˈfɛnəkɪn,pre,['Fire'],20.7,16,40,45,40,62,60,60,307
Feraligatr,fɚˈæləɡeɪɾɚ,post,['Water'],195.8,91,85,105,100,79,83,78,530
Ferroseed,fɚˈɑːsiːd,pre,"['Grass', 'Steel']",41.4,24,44,50,91,24,86,10,305
Ferrothorn,fɚˈɑːθɔːɹn,post,"['Grass', 'Steel']",242.5,39,74,94,131,54,116,20,489
Fidough,ˈfaɪdoʊ,pre,['Fairy'],24,12,37,55,70,30,55,65,312
Finizen,ˈfɪnɪzən,pre,['Water'],132.7,51,70,45,40,45,40,75,315
Finneon,ˈfɪniːɑːn,pre,['Water'],15.4,16,49,49,56,49,61,66,330
Flaaffy,ˈflæfiː,post,['Electric'],29.3,31,70,55,55,80,60,45,365
Flabébé,fləˈbeɪbeɪ,pre,['Fairy'],0.2,4,44,38,39,61,79,42,303
Flamigo,fləˈmiːɡoʊ,pre,"['Flying', 'Fighting']",81.6,63,82,115,74,75,64,90,500
Flapple,ˈflæpəl,post,"['Grass', 'Dragon']",2.2,12,70,110,80,95,60,70,485
Flareon,ˈflɛɹiːɑːn,post,['Fire'],55.1,35,65,130,60,95,110,65,525
Fletchinder,ˈflɛtʃɪndɚ,post,"['Fire', 'Flying']",35.3,28,62,73,55,56,52,84,382
Fletchling,ˈflɛtʃlɪŋ,pre,"['Normal', 'Flying']",3.7,12,45,50,43,40,38,62,278
Flittle,ˈflɪɾəl,pre,['Psychic'],3.3,8,30,35,30,55,30,75,255
Floatzel,ˈfloʊtsəl,post,['Water'],73.9,43,85,105,55,85,50,115,495
Floette,floʊˈɛt,post,['Fairy'],2,8,54,45,47,75,98,52,371
Floragato,ˌflɔɹəˈɡɑːtoʊ,post,['Grass'],26.9,35,61,80,63,60,63,83,410
Florges,ˈflɔːɹdʒɪs,post,['Fairy'],22,43,78,65,68,112,154,75,552
Flutter Mane,ˈflʌɾɚ ˌmeɪn,pre,"['Ghost', 'Fairy']",8.8,55,55,55,55,135,135,135,570
Flygon,ˈflaɪɡɑːn,post,"['Ground', 'Dragon']",180.8,79,80,100,80,80,80,100,520
Fomantis,foʊˈmæntɪs,pre,['Grass'],3.3,12,40,55,35,50,35,35,250
Foongus,ˈfuːŋɡəs,pre,"['Grass', 'Poison']",2.2,8,69,55,45,55,55,15,294
Forretress,ˈfɔːɹətɹəs,post,"['Bug', 'Steel']",277.3,0,75,90,140,60,60,40,465
Fraxure,ˈfɹækʃɚ,post,['Dragon'],79.4,39,66,117,70,40,50,67,410
Frigibax,ˈfɹɪdʒɪbæks,pre,"['Dragon', 'Ice']",37.5,20,65,75,45,35,45,55,320
Frillish,ˈfɹɪlɪʃ,pre,"['Water', 'Ghost']",72.8,47,55,40,50,65,85,40,335
Froakie,ˈfɹoʊkiː,pre,['Water'],15.4,12,41,56,40,62,44,71,314
Frogadier,fɹɑːɡəˈdɪɹ,post,['Water'],24,24,54,63,52,83,56,97,405
Froslass,ˈfɹɑːslæs,post,"['Ice', 'Ghost']",58.6,51,70,80,70,80,70,110,480
Frosmoth,ˈfɹɑːsmɑːθ,post,"['Ice', 'Bug']",92.6,51,70,65,60,125,90,65,475
Fuecoco,fweɪˈkoʊkoʊ,pre,['Fire'],21.6,16,67,45,59,63,40,36,310
Furfrou,ˈfɝːfɹuː,pre,['Normal'],61.7,47,75,80,60,65,90,102,472
Furret,ˈfɝːət,post,['Normal'],71.7,71,85,76,64,45,55,90,415
Gabite,ɡəˈbaɪt,post,"['Dragon', 'Ground']",123.5,55,68,90,65,50,55,82,410
Gallade,ɡəˈleɪd,post,"['Psychic', 'Fighting']",114.6,63,68,125,65,65,115,80,518
Galvantula,ɡælˈvæntʃuːlə,post,"['Bug', 'Electric']",31.5,31,70,77,60,97,60,108,472
Garbodor,ɡɑːɹˈboʊdɚ,post,['Poison'],236.6,75,80,95,82,60,82,75,474
Garchomp,ˈɡɑːɹtʃɑːmp,post,"['Dragon', 'Ground']",209.4,75,108,130,95,80,85,102,600
Gardevoir,ˈɡɑːɹdəvwɑːɹ,post,"['Psychic', 'Fairy']",106.7,63,68,65,65,125,115,80,518
Garganacl,ɡɑːɹˈɡænəkəl,post,['Rock'],529.1,91,100,100,130,45,90,35,500
Gastly,ˈɡæsliː,pre,"['Ghost', 'Poison']",0.2,51,30,35,30,100,35,80,310
Gastrodon,ˈɡæstɹoʊdɑːn,post,"['Water', 'Ground']",65.9,35,111,83,68,92,82,39,475
Genesect,ˈdʒɛnəsɛkt,pre,"['Bug', 'Steel']",181.9,59,71,120,95,120,95,99,600
Gengar,ˈɡɛŋɡɑːɹ,post,"['Ghost', 'Poison']",89.3,59,60,65,60,130,75,110,500
Geodude,ˈdʒiːoʊduːd,pre,"['Rock', 'Ground', 'Rock', 'Electric']",44.1,16,40,80,100,30,30,20,300
Gholdengo,ˈɡɔldənɡoʊ,post,"['Steel', 'Ghost']",66.1,47,87,60,95,133,91,84,550
Gible,ˈɡɪbəl,pre,"['Dragon', 'Ground']",45.2,28,58,70,45,40,45,42,300
Gigalith,ˈɡɪɡəlɪθ,post,['Rock'],573.2,67,85,135,130,60,70,25,505
Gimmighoul,ˈɡɪmiːɡuːl,pre,['Ghost'],11,12,45,30,70,75,70,10,300
Girafarig,dʒɚːˈæfəɹɪɡ,pre,"['Normal', 'Psychic']",91.5,59,70,80,65,90,65,85,455
Giratina,ˌɡɪɹəˈtiːnə,pre,"['Ghost', 'Dragon']",1653.5,177,150,100,120,100,120,90,680
Glaceon,ˈɡleɪsiːɑːn,post,['Ice'],57.1,31,65,60,110,130,95,65,525
Glalie,ˈɡleɪliː,post,['Ice'],565.5,59,80,80,80,80,80,80,480
Glameow,ˈɡlæmiːaʊ,pre,['Normal'],8.6,20,49,55,42,42,37,85,310
Glastrier,ˈɡlæstɹiːɚ,pre,['Ice'],1763.7,87,100,145,130,65,110,30,580
Gligar,ˈɡlaɪɡɑːɹ,pre,"['Ground', 'Flying']",142.9,43,65,75,105,35,65,85,430
Glimmet,ˈɡlɪmət,pre,"['Rock', 'Poison']",17.6,28,48,35,42,105,60,60,350
Glimmora,ɡləˈmɔɹə,post,"['Rock', 'Poison']",99.2,59,83,55,90,130,81,86,525
Gliscor,ˈɡlaɪskɔːɹ,post,"['Ground', 'Flying']",93.7,79,75,95,125,45,75,95,510
Gloom,ˈɡluːm,post,"['Grass', 'Poison']",19,31,60,65,70,85,75,40,395
Gogoat,ˈɡoʊɡoʊt,post,['Grass'],200.6,67,123,100,62,97,81,68,531
Golbat,ˈɡɔːlbæt,post,"['Poison', 'Flying']",121.3,63,75,80,70,65,75,90,455
Goldeen,ɡɔːlˈdiːn,pre,['Water'],33.1,0,45,67,60,35,50,63,320
Golduck,ˈɡɔːldʌk,post,['Water'],168.9,67,80,82,78,95,80,85,500
Golem,ˈɡɔːləm,post,"['Rock', 'Ground', 'Rock', 'Electric']",661.4,55,80,110,130,55,65,45,485
Golett,ˈɡɔːlɛt,pre,"['Ground', 'Ghost']",202.8,39,59,74,50,35,50,35,303
Golisopod,gəˈlaɪsoʊpɑːd,post,"['Bug', 'Water']",238.1,79,75,125,140,60,90,40,530
Golurk,ˈɡɔːlɚk,post,"['Ground', 'Ghost']",727.5,110,89,124,80,55,80,55,483
Goodra,ˈɡuːdɹə,post,"['Steel', 'Dragon', 'Dragon']",331.8,79,90,100,70,110,150,80,600
Goomy,ˈɡuːmiː,pre,['Dragon'],6.2,12,45,50,35,55,75,40,300
Gorebyss,ˈɡɔːɹəbɪs,post,['Water'],49.8,71,55,84,105,114,75,52,485
Gossifleur,ˈɡɑːsəflɚ,pre,['Grass'],4.9,16,40,40,60,40,60,10,250
Gothita,ɡɑːθˈiːɾə,pre,['Psychic'],12.8,16,45,30,50,55,65,45,290
Gothitelle,ˈɡɑːθɪtɛl,post,['Psychic'],97,59,70,55,95,95,110,65,490
Gothorita,ˌɡɑːθɔːɹˈiːɾə,post,['Psychic'],39.7,28,60,45,70,75,85,55,390
Gourgeist,ˈɡɔːɹɡaɪst,post,"['Ghost', 'Grass']",20.9,28,55,85,122,58,75,99,494
Grafaiai,ɡɹəˈfaɪaɪ,post,"['Poison', 'Normal']",60,28,63,95,65,80,72,110,485
Granbull,ˈɡɹænbʊl,post,['Fairy'],107.4,55,90,120,75,60,60,45,450
Grapploct,ˈɡɹæplɑːkt,post,['Fighting'],86,63,80,118,90,70,80,42,480
Graveler,ˈɡɹævəlɚ,post,"['Rock', 'Ground', 'Rock', 'Electric']",231.5,39,55,95,115,45,45,35,390
Great Tusk,ˌɡɹɛɪt ˈtʌsk,pre,"['Ground', 'Fighting']",705.5,87,115,131,131,53,53,87,570
Greavard,ˈɡɹiːvɑːɹd,pre,['Ghost'],77.2,24,50,61,60,30,55,34,290
Greedent,ˈɡɹiːdənt,post,['Normal'],13.2,24,120,95,95,55,75,20,460
Greninja,ɡɹəˈnɪndʒə,post,"['Water', 'Dark']",88.2,59,72,95,67,103,71,122,530
Grimer,ˈɡɹaɪmɚ,pre,"['Poison', 'Dark', 'Poison']",66.1,35,80,80,50,40,50,25,325
Grimmsnarl,ˈɡɹɪmsnɑɹl,post,"['Dark', 'Fairy']",134.5,59,95,120,65,95,75,60,510
Grookey,ˈɡɹuːkiː,pre,['Grass'],11,12,50,65,50,40,40,65,310
Grotle,ˈɡɹɑːɾəl,post,['Grass'],213.8,43,75,89,85,55,65,36,405
Groudon,ˈɡɹaʊdɑːn,pre,['Ground'],2094.4,138,100,150,140,100,90,90,670
Grovyle,ˈɡɹoʊvaɪl,post,['Grass'],47.6,35,50,65,45,85,65,95,405
Growlithe,ˈɡɹaʊlɪθ,pre,"['Fire', 'Rock', 'Fire']",41.9,28,55,70,45,70,50,60,350
Grubbin,ˈɡɹʌbɪn,pre,['Bug'],9.7,16,47,62,45,55,45,46,300
Grumpig,ˈɡɹʌmpɪɡ,post,['Psychic'],157.6,35,80,45,65,90,110,80,470
Gulpin,ˈɡʊlpɪn,pre,['Poison'],22.7,16,70,43,53,43,53,40,302
Gumshoos,ˈɡʌmʃuːz,post,['Normal'],31.3,28,88,110,60,55,60,45,418
Gurdurr,ˈɡɝːdɚ,post,['Fighting'],88.2,47,85,105,85,40,50,40,405
Guzzlord,ˈɡʌzlɔːɹd,pre,"['Dark', 'Dragon']",1957.7,217,223,101,53,97,53,43,570
Gyarados,ˈɡɛɹədoʊs,post,"['Water', 'Flying']",518.1,256,95,125,79,60,100,81,540
Hakamo-o,ˌhɑːkəˈmoʊʔoʊ,post,"['Dragon', 'Fighting']",103.6,47,55,75,90,65,70,65,420
Happiny,həˈpiːniː,pre,['Normal'],53.8,24,100,5,5,15,65,30,220
Hariyama,ˌhɑːɹiːˈjɑːmə,post,['Fighting'],559.5,91,144,120,60,40,60,50,474
Hatenna,həˈtɛnə,pre,['Psychic'],7.5,16,42,30,45,56,53,39,265
Hatterene,ˈhætɚiːn,post,"['Psychic', 'Fairy']",11.2,83,57,90,95,136,103,29,510
Hattrem,ˈhætɹɛm,post,['Psychic'],10.6,24,57,40,65,86,73,49,370
Haunter,ˈhɑːntɚ,post,"['Ghost', 'Poison']",0.2,63,45,50,45,115,55,95,405
Hawlucha,hɑːˈluːtʃə,pre,"['Fighting', 'Flying']",47.4,31,78,92,75,74,63,118,500
Haxorus,ˈhæksɔːɹəs,post,['Dragon'],232.6,71,76,147,90,60,70,97,540
Heatmor,ˈhiːʔmɔːɹ,pre,['Fire'],127.9,55,85,97,66,105,66,65,484
Heatran,ˈhiːtɹæn,pre,"['Fire', 'Steel']",948,67,91,90,106,130,106,77,600
Heliolisk,ˈhiːliːoʊlɪsk,post,"['Electric', 'Normal']",46.3,39,62,55,52,109,94,109,481
Helioptile,hiːliːˈɑːptaɪl,pre,"['Electric', 'Normal']",13.2,20,44,38,33,61,43,70,289
Heracross,ˈhɛɹəkɹɑːs,pre,"['Bug', 'Fighting']",119,59,80,125,75,40,95,85,500
Herdier,ˈhɝːdiːɚ,post,['Normal'],32.4,35,65,80,65,35,65,60,370
Hippopotas,hɪpoʊpəˈtɑːs,pre,['Ground'],109.1,31,68,72,78,38,42,32,330
Hippowdon,hɪˈpaʊdɑːn,post,['Ground'],661.4,79,108,112,118,68,72,47,525
Hitmonchan,ˈhɪtmɑːntʃæn,post,['Fighting'],110.7,55,50,105,79,35,110,76,455
Hitmonlee,ˈhɪtmɑːnliː,post,['Fighting'],109.8,59,50,120,53,35,110,87,455
Hitmontop,ˈhɪtmɑːntɑːp,post,['Fighting'],105.8,55,50,95,95,35,110,70,455
Ho-Oh,ˈhoʊʔoʊ,pre,"['Fire', 'Flying']",438.7,150,106,130,90,110,154,90,680
Honchkrow,ˈhɑːntʃkɹoʊ,post,"['Dark', 'Flying']",60.2,35,100,125,52,105,52,71,505
Honedge,ˈhoʊnɛdʒ,pre,"['Steel', 'Ghost']",4.4,31,45,80,100,35,37,28,325
Hoopa,ˈhuːpə,pre,"['Psychic', 'Ghost', 'Psychic', 'Dark']",19.8,20,80,110,60,150,130,70,600
Hoothoot,ˈhuːtˌhuːt,pre,"['Normal', 'Flying']",46.7,28,60,30,30,36,56,50,262
Hoppip,ˈhɑːpɪp,pre,"['Grass', 'Flying']",1.1,16,35,35,40,35,55,50,250
Horsea,ˈhɔːɹsiː,pre,['Water'],17.6,16,30,40,70,70,25,60,295
Houndoom,ˈhaʊnduːm,post,"['Dark', 'Fire']",77.2,55,75,90,50,110,80,95,500
Houndour,ˈhaʊndaʊɚ,pre,"['Dark', 'Fire']",23.8,0,45,60,30,80,50,65,330
Houndstone,ˈhaʊndstoʊn,post,['Ghost'],33.1,79,72,101,100,50,97,68,488
Huntail,ˈhʌnteɪl,post,['Water'],59.5,67,55,104,105,94,75,52,485
Hydreigon,̩haɪˈdraɪɡən,post,"['Dark', 'Dragon']",352.7,71,92,105,90,125,90,98,600
Hypno,ˈhɪpnoʊ,post,['Psychic'],166.7,63,85,73,70,73,115,67,483
Igglybuff,ˈɪɡliːbʌf,pre,"['Normal', 'Fairy']",2.2,12,90,30,15,40,20,15,210
Illumise,ɪluˈmiːzeɪ,pre,['Bug'],39,24,65,47,55,73,75,85,400
Impidimp,ˈɪmpɪdɪmp,pre,"['Dark', 'Fairy']",12.1,16,45,45,30,55,40,50,265
Incineroar,ɪnˈsɪnəɹɔːɹ,post,"['Fire', 'Dark']",183,71,95,115,90,80,90,60,530
Indeedee,ɪnˈdiːdiː,pre,"['Psychic', 'Normal']",61.7,35,60,65,55,105,95,95,475
Infernape,ɪnˈfɝːneɪp,post,"['Fire', 'Fighting']",121.3,47,76,104,71,104,71,108,534
Inkay,ˈɪŋkeɪ,pre,"['Dark', 'Psychic']",7.7,16,53,54,53,37,46,45,288
Inteleon,ɪnˈtɛliːən,post,['Water'],99.6,75,70,85,65,125,65,120,530
Iron Bundle,ˌaɪɹn ˈbʌndəl,pre,"['Ice', 'Water']",24.3,24,56,80,114,124,60,136,570
Iron Hands,ˌaɪɹn ˈhændz,pre,"['Fighting', 'Electric']",839.3,71,154,140,108,50,68,50,570
Iron Jugulis,ˌaɪɹn ˈdʒʌɡjuːləs,pre,"['Dark', 'Flying']",244.7,51,94,80,86,122,80,108,570
Iron Moth,ˌaɪɹn ˈmɑːθ,pre,"['Fire', 'Poison']",79.4,47,80,70,60,140,110,110,570
Iron Thorns,ˌaɪɹn ˈθɔɹnz,pre,"['Rock', 'Electric']",668,63,100,134,110,70,84,72,570
Iron Treads,ˌaɪɹn ˈtɹɛdz,pre,"['Ground', 'Steel']",529.2,35,90,112,120,72,70,106,570
Iron Valiant,ˌaɪɹn ˈvæljənt,pre,"['Fairy', 'Fighting']",77.2,55,74,130,90,120,60,116,590
Ivysaur,ˈaɪviːsɔːɹ,post,"['Grass', 'Poison']",28.7,39,60,62,63,80,80,60,405
Jangmo-o,ˈdʒæŋmoʊˌʔoʊ,pre,['Dragon'],65.5,24,45,55,65,45,45,45,300
Jellicent,ˈdʒɛlɪsənt,post,"['Water', 'Ghost']",297.6,87,100,60,70,85,105,60,480
Jigglypuff,ˈdʒɪɡliːpʌf,post,"['Normal', 'Fairy']",12.1,20,115,45,20,45,25,20,270
Jirachi,dʒɚˈɑːtʃiː,pre,"['Steel', 'Psychic']",2.4,12,100,100,100,100,100,100,600
Jolteon,ˈdʒɔːltiːɑːn,post,['Electric'],54,31,65,65,60,110,95,130,525
Joltik,ˈdʒɔːltɪk,pre,"['Bug', 'Electric']",1.3,4,50,47,50,57,50,65,319
Jumpluff,ˈdʒʌmplʌf,post,"['Grass', 'Flying']",6.6,31,75,55,70,55,85,110,450
Jynx,ˈdʒɪŋks,post,"['Ice', 'Psychic']",89.5,55,65,50,35,115,95,95,455
Kabuto,kəˈbuːtoʊ,pre,"['Rock', 'Water']",25.4,20,30,80,90,55,45,55,355
Kabutops,ˈkɑːbuːtɑːps,post,"['Rock', 'Water']",89.3,51,60,115,105,65,70,80,495
Kadabra,kəˈdæbɹə,post,['Psychic'],124.6,51,40,35,30,120,70,105,400
Kakuna,kəˈkuːnə,post,"['Bug', 'Poison']",22,24,45,25,50,25,25,35,205
Kangaskhan,ˈkæŋɡəskɑːn,pre,['Normal'],176.4,87,105,95,80,40,80,90,490
Karrablast,ˈkɑːɹəblæst,pre,['Bug'],13,20,50,75,45,40,45,60,315
Kartana,kɑːɹˈtɑːnə,pre,"['Grass', 'Steel']",0.2,12,59,181,131,59,31,109,570
Kecleon,ˈkɛkliːɑːn,pre,['Normal'],48.5,39,60,90,70,60,120,40,440
Keldeo,ˈkɛldiːoʊ,pre,"['Water', 'Fighting']",106.9,55,91,72,90,129,90,108,580
Kilowattrel,ˌkiːloʊˈwɑtɹəl,post,"['Electric', 'Flying']",85.1,55,70,70,60,105,60,125,490
Kingambit,kiːŋˈɡæmbɪt,post,"['Dark', 'Steel']",264.6,79,100,135,120,60,85,50,550
Kingdra,ˈkɪŋdɹə,post,"['Water', 'Dragon']",335.1,0,75,95,95,95,95,85,540
Kingler,ˈkɪŋlɚ,post,['Water'],132.3,51,55,130,115,50,50,75,475
Kirlia,ˈkɝːliːə,post,"['Psychic', 'Fairy']",44.5,31,38,35,35,65,55,50,278
Klang,ˈklæŋ,post,['Steel'],112.4,24,60,80,95,70,85,50,440
Klawf,ˈklɑːf,pre,['Rock'],174.2,51,70,100,115,35,55,75,450
Kleavor,ˈkliːvɔːɹ,post,"['Bug', 'Rock']",196.2,71,70,135,95,45,70,85,500
Klefki,ˈklɛfkiː,pre,"['Steel', 'Fairy']",6.6,8,57,80,91,80,87,75,470
Klink,ˈklɪŋk,pre,['Steel'],46.3,12,40,55,70,45,60,30,300
Klinklang,ˈklɪŋklæŋ,post,['Steel'],178.6,24,60,100,115,70,85,90,520
Koffing,ˈkɑːfɪŋ,pre,['Poison'],2.2,24,40,65,95,60,45,35,340
Komala,koʊˈmɑːlə,pre,['Normal'],43.9,16,65,115,65,75,95,65,480
Kommo-o,ˈkoʊmoʊˌʔoʊ,post,"['Dragon', 'Fighting']",172.4,63,75,110,125,100,105,85,600
Koraidon,kɔːɹˈaɪdɑːn,pre,"['Fighting', 'Dragon']",668,98,100,135,115,85,100,135,670
Krabby,ˈkɹæbiː,pre,['Water'],14.3,16,30,105,90,25,25,50,325
Kricketot,ˈkɹɪkətɑːt,pre,['Bug'],4.9,12,37,25,41,25,41,25,194
Kricketune,ˈkɹɪkətuːn,post,['Bug'],56.2,39,77,85,51,55,51,65,384
Krokorok,ˈkɹɑːkoʊɹɑːk,post,"['Ground', 'Dark']",73.6,39,60,82,45,45,45,74,351
Krookodile,ˈkɹʊkoʊdaɪl,post,"['Ground', 'Dark']",212.3,59,95,117,70,65,70,92,509
Kubfu,kʌbˈfuː,pre,['Fighting'],26.5,24,60,90,60,53,50,72,385
Kyogre,kaɪˈoʊɡɚ,pre,['Water'],776,177,100,100,90,150,140,90,670
Kyurem,ˈkjuːɹɛm,pre,"['Dragon', 'Ice']",716.5,118,125,130,90,130,90,95,660
Lairon,ˈlɛɹɑːn,post,"['Steel', 'Rock']",264.6,35,60,90,140,50,50,40,430
Lampent,ˈlæmpɛnt,post,"['Ghost', 'Fire']",28.7,24,60,40,60,95,60,55,370
Landorus,ˈlændɚəs,pre,"['Ground', 'Flying']",149.9,59,89,125,90,115,80,101,600
Lanturn,ˈlæntɚn,post,"['Water', 'Electric']",49.6,47,125,58,58,76,76,67,460
Lapras,ˈlæpɹəs,pre,"['Water', 'Ice']",485,98,130,85,80,85,95,60,535
Larvesta,lɑːɹˈvɛstə,pre,"['Bug', 'Fire']",63.5,43,55,85,55,50,55,60,360
Larvitar,ˈlɑːɹvətɑːɹ,pre,"['Rock', 'Ground']",158.7,24,50,64,50,45,50,41,300
Latias,ˈlɑːtiːɑːs,pre,"['Dragon', 'Psychic']",88.2,55,80,80,90,110,130,110,600
Latios,ˈlɑːtiːoʊs,pre,"['Dragon', 'Psychic']",132.3,79,80,90,80,130,110,110,600
Leafeon,ˈliːfiːɑːn,post,['Grass'],56.2,39,65,110,130,60,65,95,525
Leavanny,liːˈvæniː,post,"['Bug', 'Grass']",45.2,47,75,103,80,70,70,92,490
Lechonk,ləˈtʃɑːnk,pre,['Normal'],22.5,20,54,45,40,35,45,35,254
Ledian,ˈlɛdiːɑːn,post,"['Bug', 'Flying']",78.5,55,55,35,50,55,110,85,390
Ledyba,ˈlɛdiːbə,pre,"['Bug', 'Flying']",23.8,39,40,20,30,40,80,55,265
Lickilicky,ˌlɪkiːˈlɪkiː,post,['Normal'],308.6,67,110,85,95,80,95,50,515
Lickitung,ˈlɪkɪtʌŋ,pre,['Normal'],144.4,47,90,55,75,60,75,30,385
Liepard,ˈlaɪpɚd,post,['Dark'],82.7,43,64,88,50,88,50,106,446
Lileep,lɪlˈiːp,pre,"['Rock', 'Grass']",52.5,39,66,41,77,61,87,23,355
Lilligant,ˈlɪləɡənt,post,"['Grass', 'Fighting', 'Grass']",35.9,43,70,60,75,110,75,90,480
Lillipup,ˈlɪliːpʌp,pre,['Normal'],9,16,45,60,45,25,45,55,275
Linoone,laɪˈnuːn,post,"['Dark', 'Normal', 'Normal']",71.7,20,78,70,61,50,61,100,420
Litleo,ˈlɪtliːoʊ,pre,"['Fire', 'Normal']",29.8,24,62,50,58,73,54,72,369
Litten,ˈlɪɾən,pre,['Fire'],9.5,16,45,65,40,60,40,70,320
Litwick,ˈlɪtwɪk,pre,"['Ghost', 'Fire']",6.8,12,50,30,55,65,55,20,275
Lokix,ˈloʊkɪks,post,"['Bug', 'Dark']",38.6,39,71,102,78,52,55,92,450
Lombre,ˈlɑːmbɹeɪ,post,"['Water', 'Grass']",71.7,47,60,50,50,60,70,50,340
Lopunny,ˈlɑːpəniː,post,['Normal'],73.4,47,65,76,84,54,96,105,480
Lotad,ˈloʊtæd,pre,"['Water', 'Grass']",5.7,20,40,30,30,40,50,30,220
Loudred,ˈlaʊdɹɛd,post,['Normal'],89.3,39,84,71,43,71,43,48,360
Lucario,luːˈkɑːɹiːoʊ,post,"['Fighting', 'Steel']",119,47,70,110,70,115,70,90,525
Ludicolo,ˌluːdiːˈkoʊloʊ,post,"['Water', 'Grass']",121.3,59,80,70,70,90,100,70,480
Lugia,ˈluːɡiːə,pre,"['Psychic', 'Flying']",476.2,205,106,90,130,90,154,110,680
Lumineon,luːˈmɪniːɑːn,post,['Water'],52.9,47,69,69,76,69,86,91,460
Lunala,luːˈnɑːlə,post,"['Psychic', 'Ghost']",264.6,157,137,113,89,137,107,97,680
Lunatone,ˈluːnətoʊn,pre,"['Rock', 'Psychic']",370.4,39,70,55,65,95,85,70,440
Lurantis,lɚˈæntɪs,post,['Grass'],40.8,35,70,105,90,80,90,45,480
Luvdisc,ˈlʌvdɪsk,pre,['Water'],19.2,24,43,30,55,40,65,97,330
Luxio,ˈlʌksiːoʊ,post,['Electric'],67.2,35,60,85,49,60,49,60,363
Luxray,ˈlʌksɹeɪ,post,['Electric'],92.6,55,80,120,79,95,79,70,523
Lycanroc,ˈlaɪkənɹɑːk,post,['Rock'],55.1,31,75,115,65,55,65,112,487
Mabosstiff,məˈbɑːstɪf,post,['Dark'],134.5,43,80,120,90,60,70,85,505
Machamp,məˈtʃæmp,post,['Fighting'],286.6,63,90,130,80,65,85,55,505
Machoke,məˈtʃoʊk,post,['Fighting'],155.4,59,80,100,70,50,60,45,405
Machop,məˈtʃɑːp,pre,['Fighting'],43,31,70,80,50,35,35,35,305
Magby,ˈmægbiː,pre,['Fire'],47.2,28,45,75,37,70,55,83,365
Magcargo,mæɡˈkɑːɹɡoʊ,post,"['Fire', 'Rock']",121.3,31,50,50,120,80,80,30,410
Magearna,məˈɡɪɹnə,pre,"['Steel', 'Fairy']",177.5,39,80,95,115,130,115,65,600
Magikarp,ˈmædʒɪkɑːɹp,pre,['Water'],22,35,20,10,55,15,20,80,200
Magmar,ˈmæɡmɑːɹ,post,['Fire'],98.1,51,65,95,57,100,85,93,495
Magmortar,mæɡˈmɔːɹtɚ,post,['Fire'],149.9,63,75,95,67,125,95,83,540
Magnemite,ˈmæɡnəmaɪt,pre,"['Electric', 'Steel']",13.2,12,25,35,70,95,55,45,325
Magneton,ˈmæɡnətɑːn,post,"['Electric', 'Steel']",132.3,39,50,60,95,120,70,70,465
Magnezone,ˈmæɡnəzoʊn,post,"['Electric', 'Steel']",396.8,47,70,70,115,130,90,60,535
Makuhita,ˌmɑːkuːˈhiːtə,pre,['Fighting'],190.5,39,72,60,30,20,30,25,237
Malamar,ˈmæləmɑːɹ,post,"['Dark', 'Psychic']",103.6,59,86,92,88,68,75,73,482
Mamoswine,ˈmæmoʊswaɪn,post,"['Ice', 'Ground']",641.5,98,110,130,80,70,60,80,530
Manaphy,ˈmænəfiː,pre,['Water'],3.1,12,100,100,100,100,100,100,600
Mandibuzz,ˈmændɪbʌz,post,"['Dark', 'Flying']",87.1,47,110,65,105,55,95,80,510
Manectric,meɪˈnɛktɹɪk,post,['Electric'],88.6,59,70,75,60,105,60,105,475
Mankey,ˈmæŋkiː,pre,['Fighting'],61.7,20,40,80,35,35,45,70,305
Mantine,ˈmæntiːn,post,"['Water', 'Flying']",485,83,65,40,70,80,140,70,465
Mantyke,ˈmæntɑɪk,pre,"['Water', 'Flying']",143.3,39,45,20,50,60,120,50,345
Maractus,məˈɹæktəs,pre,['Grass'],61.7,39,75,86,67,106,67,60,461
Mareanie,məˈɹiːniː,pre,"['Poison', 'Water']",17.6,16,50,53,62,43,52,45,305
Mareep,məˈɹiːp,pre,['Electric'],17.2,24,55,40,40,65,45,35,280
Marill,ˈmɛɹəl,post,"['Water', 'Fairy']",18.7,16,70,20,50,20,50,40,250
Marowak,ˈmɛɹoʊwæk,post,"['Fire', 'Ghost', 'Ground']",99.2,39,60,80,110,50,80,45,425
Marshadow,ˈmɑːɹʃædoʊ,pre,"['Fighting', 'Ghost']",48.9,28,90,125,80,90,90,125,600
Marshtomp,ˈmɑːɹʃtɑːmp,post,"['Water', 'Ground']",61.7,28,70,85,70,60,70,50,405
Maschiff,ˈmæstʃɪf,pre,['Dark'],35.3,20,60,78,60,40,51,51,340
Masquerain,mæskɚˈeɪn,post,"['Bug', 'Flying']",7.9,31,70,60,62,80,82,60,414
Maushold,ˈmaʊshɔld,post,['Normal'],6.2,12,74,75,70,65,75,111,470
Mawile,ˈmɑːwaɪl,pre,"['Steel', 'Fairy']",25.4,24,50,85,85,55,55,50,380
Medicham,ˈmɛdətʃæm,post,"['Fighting', 'Psychic']",69.4,51,60,60,75,60,75,80,410
Meditite,ˈmɛdətaɪt,pre,"['Fighting', 'Psychic']",24.7,24,30,40,55,40,55,60,280
Meganium,məˈɡeɪniːəm,post,['Grass'],221.6,71,80,82,100,83,100,80,525
Melmetal,ˈmɛlmɛɾəl,post,['Steel'],1763.7,98,135,143,143,80,65,34,600
Meloetta,ˌmɛloʊˈɛɾə,pre,"['Normal', 'Psychic', 'Normal', 'Fighting']",14.3,24,100,77,77,128,128,90,600
Meltan,ˈmɛltæn,pre,['Steel'],17.6,8,46,65,65,55,35,34,300
Meowscarada,miˈaʊskəˈɹɑːdə,post,"['Grass', 'Dark']",68.8,59,76,110,70,81,70,123,530
Meowstic,miˈaʊstɪk,post,['Psychic'],18.7,24,74,48,76,83,81,104,466
Meowth,miːˈaʊθ,pre,"['Normal',, 'Dark',, 'Steel']",9.3,16,40,45,35,40,40,90,290
Mesprit,ˈmɛspɹɪt,pre,['Psychic'],0.7,12,80,105,105,105,105,80,580
Metagross,ˈmɛtəɡroʊs,post,"['Steel', 'Psychic']",1212.5,63,80,135,130,95,90,70,600
Metang,məˈtæŋ,post,"['Steel', 'Psychic']",446.4,47,60,75,100,55,80,50,420
Metapod,ˈmɛɾəpɑːd,post,['Bug'],21.8,28,50,20,55,25,25,30,205
Mew,ˈmjuː,pre,['Psychic'],8.8,16,100,100,100,100,100,100,600
Mewtwo,ˈmjuːtuː,pre,['Psychic'],269,79,106,110,90,154,90,130,680
Mienfoo,ˈmiːnfuː,pre,['Fighting'],44.1,35,45,85,50,55,50,65,350
Mienshao,ˈmiːnʃaʊ,post,['Fighting'],78.3,55,65,125,60,95,60,105,510
Mightyena,ˌmaɪtiːˈjɛnə,post,['Dark'],81.6,39,70,90,70,60,60,70,420
Milcery,ˈmɪlsɚiː,pre,['Fairy'],0.7,8,45,40,40,50,61,34,270
Milotic,ˈmaɪloʊtɪk,post,['Water'],357.1,244,95,60,79,100,125,81,540
Miltank,ˈmɪltæŋk,pre,['Normal'],166.4,47,95,80,105,40,70,100,490
Mime Jr.,maɪmˈdʒuːnjɚ,pre,"['Psychic', 'Fairy']",28.7,24,20,25,45,70,90,60,310
Mimikyu,ˈmiːmiːkjuː,pre,"['Ghost', 'Fairy']",1.5,8,55,90,80,50,105,96,476
Minccino,mɪnˈtʃiːnoʊ,pre,['Normal'],12.8,16,55,50,40,40,40,75,300
Minior,ˈmɪniːɔːɹ,pre,"['Rock', 'Flying']",88.2,12,60,60,100,60,100,60,440
Minun,ˈmaɪnən,pre,['Electric'],9.3,16,60,40,50,75,85,95,405
Miraidon,mɪɹˈaɪdɑːn,pre,"['Electric', 'Dragon']",529.1,138,100,85,100,135,115,135,670
Misdreavus,mɪsˈdɹiːvəs,pre,['Ghost'],2.2,28,60,60,60,85,85,85,435
Mismagius,mɪsˈmæɡiːəs,post,['Ghost'],9.7,35,60,60,60,105,105,105,495
Moltres,ˈmɔːltɹeɪs,pre,"['Fire', 'Flying', 'Dark', 'Flying']",132.3,79,90,100,90,125,85,90,580
Monferno,mɑːnˈfɝːnoʊ,post,"['Fire', 'Fighting']",48.5,0,64,78,52,78,52,81,405
Morelull,ˈmɔːɹəlʊl,pre,"['Grass', 'Fairy']",3.3,8,40,35,55,65,75,15,285
Morgrem,ˈmɔːɹɡɹɛm,post,"['Dark', 'Fairy']",27.6,31,65,60,45,75,55,70,370
Morpeko,mɔːɹˈpɛkoʊ,pre,"['Electric', 'Dark']",6.6,12,58,95,58,70,58,97,436
Mothim,ˈmɑːθɪm,post,"['Bug', 'Flying']",51.4,35,70,94,50,94,50,66,424
Mr. Mime,ˌmɪstɚˈmaɪm,post,"['Psychic', 'Fairy', 'Ice', 'Psychic']",120.2,51,40,45,65,100,120,90,460
Mr. Rime,ˌmɪstɚˈɹaɪm,post,"['Ice', 'Psychic']",128.3,59,80,85,75,110,100,70,520
Mudbray,ˈmʌdbɹeɪ,pre,['Ground'],242.5,39,70,100,70,45,55,45,385
Mudkip,ˈmʌdkɪp,pre,['Water'],16.8,16,50,70,50,50,50,40,310
Mudsdale,ˈmʌdzdeɪl,post,['Ground'],2028.3,98,100,125,100,55,85,35,500
Muk,ˈmʌk,post,"['Poison', 'Dark', 'Poison']",66.1,47,105,105,75,65,100,50,500
Munchlax,ˈmʌntʃlæks,pre,['Normal'],231.5,24,135,85,40,40,85,5,390
Munna,ˈmuːnə,pre,['Psychic'],51.3,24,76,25,45,67,55,24,292
Murkrow,ˈmɝːkɹoʊ,pre,"['Dark', 'Flying']",4.6,20,60,85,42,85,42,91,405
Musharna,muːˈʃɑːɹnə,post,['Psychic'],133.4,43,116,55,85,107,95,29,487
Nacli,ˈnækliː,pre,['Rock'],35.3,16,55,55,75,35,35,25,280
Naclstack,ˈnækəlstæk,post,['Rock'],231.5,24,60,60,100,35,65,35,355
Naganadel,ˌnɑːgəˈnɑːdəl,post,"['Poison', 'Dragon']",330.7,142,73,73,73,127,73,121,540
Natu,ˈnɑːtuː,pre,"['Psychic', 'Flying']",4.4,8,40,50,45,70,45,70,320
Necrozma,nɛˈkɹoʊzmə,pre,"['Psychic', 'Steel', 'Psychic', 'Ghost', 'Psychic']",507.1,94,97,107,101,127,89,79,600
Nickit,ˈnɪkət,pre,['Dark'],19.6,24,40,28,28,47,52,50,245
Nidoking,ˈniːdoʊkɪŋ,post,"['Poison', 'Ground']",136.7,55,81,92,77,85,75,85,495
Nidoqueen,ˈniːdoʊkwiːn,post,"['Poison', 'Ground']",132.3,51,90,82,87,75,85,76,495
Nidoran♀,ˈniːdoʊɹæn (ˈfiːmeɪl),pre,['Poison'],15.4,16,55,47,52,40,40,41,275
Nidoran♂,ˈniːdoʊɹæn (ˈmeɪl),pre,['Poison'],19.8,20,46,57,40,40,40,50,273
Nidorina,ˌniːdoʊˈɹiːnə,post,['Poison'],44.1,31,70,62,67,55,55,56,365
Nidorino,ˌniːdoʊˈɹiːnoʊ,post,['Poison'],43,35,61,72,57,55,55,65,365
Nihilego,ˌnaɪəːˈliːɡoʊ,pre,"['Rock', 'Poison']",122.4,47,109,53,47,127,131,103,570
Nincada,nɪnˈkɑːdə,pre,"['Bug', 'Ground']",12.1,20,31,45,90,30,30,40,266
Ninetales,ˈnaɪnteɪlz,post,"['Ice', 'Fairy', 'Fire']",43.9,43,73,76,75,81,100,100,505
Ninjask,ˈnɪndʒæsk,post,"['Bug', 'Flying']",26.5,31,61,90,45,50,50,160,456
Noctowl,ˈnɑːktaʊl,post,"['Normal', 'Flying']",89.9,63,100,50,50,76,96,70,442
Noibat,ˈnɔɪbæt,pre,"['Flying', 'Dragon']",17.6,20,40,30,35,45,40,55,245
Noivern,ˈnɔɪvɚn,post,"['Flying', 'Dragon']",187.4,59,85,70,80,97,80,123,535
Nosepass,ˈnoʊzpæs,pre,['Rock'],213.8,39,30,45,135,45,90,30,375
Numel,ˈnʌməl,pre,"['Fire', 'Ground']",52.9,28,60,60,40,65,45,35,305
Nuzleaf,ˈnʌzliːf,post,"['Grass', 'Dark']",61.7,39,70,70,40,60,40,60,340
Nymble,ˈnɪmbəl,pre,['Bug'],2.2,8,33,46,40,21,25,45,210
Obstagoon,ˈɑːbstəɡuːn,post,"['Dark', 'Normal']",101.4,63,93,90,101,60,81,95,520
Octillery,ɑːkˈtɪlɚiː,post,['Water'],62.8,35,75,105,75,105,75,45,480
Oddish,ˈɑːdɪʃ,pre,"['Grass', 'Poison']",11.9,20,45,50,55,75,65,30,320
Oinkologne,ˈɔɪŋkəloʊn,post,['Normal'],264.6,39,110,100,75,59,80,65,489
Omanyte,ˈɑːmənɑɪt,pre,"['Rock', 'Water']",16.5,16,35,40,100,90,55,35,355
Omastar,ˈɑːməstɑːɹ,post,"['Rock', 'Water']",77.2,39,70,60,125,115,70,55,495
Onix,ˈɑːnɪks,pre,"['Rock', 'Ground']",463,346,35,45,160,30,45,70,385
Oranguru,əˈɹæŋɡəɹuː,pre,"['Normal', 'Psychic']",167.6,59,90,60,80,90,110,60,490
Orbeetle,ˈɔɹbiːɾəl,post,"['Bug', 'Psychic']",89.9,16,60,45,110,80,120,90,505
Oricorio,ˌɔːɹɪˈkɔːɹiːoʊ,pre,"['Fire', 'Flying', 'Electric', 'Flying', 'Psychic', 'Flying', 'Ghost', 'Flying']",7.5,24,75,70,70,98,70,93,476
Orthworm,ˈɔɹθwɚm,pre,['Steel'],683.4,98,70,85,145,60,55,65,480
Oshawott,ˈɑːʃəwɑːt,pre,['Water'],13,20,55,55,45,63,45,45,308
Overqwil,ˈoʊvɚkwɪl,post,"['Dark', 'Poison']",133.4,98,85,115,95,65,65,85,510
Pachirisu,pɑːtʃiˈɹiːsuː,pre,['Electric'],8.6,16,60,45,70,45,90,95,405
Palafin,ˈpæləfɪn,post,['Water'],132.7,51,100,70,72,53,62,100,457
Palkia,ˈpɑːlkiːə,pre,"['Water', 'Dragon']",740.8,165,90,120,100,150,120,100,680
Palossand,ˈpæləsænd,post,"['Ghost', 'Ground']",551.2,51,85,75,110,100,75,35,480
Palpitoad,ˈpælpətoʊd,post,"['Water', 'Ground']",37.5,31,75,65,55,65,55,69,384
Pancham,ˈpæntʃəm,pre,['Fighting'],17.6,24,67,82,62,46,48,43,348
Pangoro,ˈpæŋɡɚoʊ,post,"['Fighting', 'Dark']",299.8,83,95,124,78,69,71,58,495
Panpour,ˈpænpɔːɹ,pre,['Water'],29.8,24,50,53,48,53,48,64,316
Pansage,ˈpænseɪdʒ,pre,['Grass'],23.1,24,50,53,48,53,48,64,316
Pansear,ˈpænsɪɹ,pre,['Fire'],24.3,24,50,53,48,53,48,64,316
Paras,ˈpɛɹəs,pre,"['Bug', 'Grass']",11.9,12,35,70,55,45,55,25,285
Parasect,ˈpɛɹəsɛkt,post,"['Bug', 'Grass']",65,39,60,95,80,60,80,30,405
Passimian,ˌpæˈsɪmiːən,pre,['Fighting'],182.5,79,100,120,90,40,60,80,490
Patrat,pəˈtɹæt,pre,['Normal'],25.6,20,45,55,39,35,39,42,255
Pawmi,ˈpɑːmiː,pre,['Electric'],5.5,12,45,50,20,40,25,60,240
Pawmo,ˈpɑːmoʊ,post,"['Electric', 'Fighting']",14.3,16,60,75,40,50,40,85,350
Pawmot,ˈpɑːmɑːt,post,"['Electric', 'Fighting']",90.4,35,70,115,70,70,60,105,490
Pawniard,ˈpɑːnjɑːɹd,pre,"['Dark', 'Steel']",22.5,20,45,85,70,40,40,60,340
Pelipper,ˈpɛlɪpɚ,post,"['Water', 'Flying']",61.7,47,60,50,100,85,70,65,430
Perrserker,pɚˈsɝkɚ,post,['Steel'],61.7,31,70,110,100,50,60,50,440
Persian,ˈpɝːʒən,post,"['Normal',, 'Dark']",70.5,39,65,70,60,65,65,115,440
Petilil,ˈpɛɾəlɪl,pre,['Grass'],14.6,20,45,35,50,70,50,30,280
Phanpy,ˈfænpiː,pre,['Ground'],73.9,20,90,60,60,40,40,40,330
Phantump,ˈfæntʌmp,pre,"['Ghost', 'Grass']",15.4,16,43,70,48,50,60,38,309
Pheromosa,ˌfɛɹəˈmoʊsə,pre,"['Bug', 'Fighting']",55.1,71,71,137,37,137,37,151,570
Phione,fiːˈoʊneɪ,pre,['Water'],6.8,16,80,80,80,80,80,80,480
Pichu,ˈpiːtʃu,pre,['Electric'],4.4,12,20,40,15,35,35,60,205
Pidgeot,ˈpɪdʒiːɑːt,post,"['Normal', 'Flying']",87.1,59,83,80,75,70,70,91,469
Pidgeotto,ˌpɪdʒiːˈoʊɾoʊ,post,"['Normal', 'Flying']",66.1,43,63,60,55,50,50,71,349
Pidgey,ˈpɪdʒiː,pre,"['Normal', 'Flying']",4,12,40,45,40,35,35,56,251
Pidove,piːˈdʌv,pre,"['Normal', 'Flying']",4.6,12,50,55,50,36,30,43,264
Pignite,pɪɡˈnaɪt,post,"['Fire', 'Fighting']",122.4,39,90,93,55,70,55,55,418
Pikachu,ˈpiːkətʃuː,post,['Electric'],13.2,16,35,55,30,50,40,90,300
Pikipek,ˈpɪkiːpɛk,pre,"['Normal', 'Flying']",2.6,12,35,75,30,30,30,65,265
Piloswine,ˈpaɪloʊˌswaɪn,post,"['Ice', 'Ground']",123,43,100,100,80,60,60,50,450
Pincurchin,pɪnˈkɚtʃən,pre,['Electric'],2.2,12,48,101,95,91,85,15,435
Pineco,ˈpaɪnkoʊ,pre,['Bug'],15.9,24,50,65,90,35,35,15,290
Pinsir,ˈpɪnsɚ,pre,['Bug'],121.3,59,65,125,100,55,70,85,500
Piplup,ˈpɪplʌp,pre,['Water'],11.5,16,53,51,53,61,56,40,314
Plusle,ˈplʌsəl,pre,['Electric'],9.3,16,60,50,40,85,75,95,405
Poipole,ˈpɔːɪpɔl,pre,['Poison'],4,24,67,73,67,73,67,73,420
Politoed,ˈpɑːliːtoʊd,post,['Water'],74.7,43,90,75,75,90,100,70,500
Poliwag,ˈpɑːliːwæɡ,pre,['Water'],27.3,24,40,50,40,40,40,90,300
Poliwhirl,ˈpɑːliːwɝːl,post,['Water'],44.1,39,65,65,65,50,50,90,385
Poliwrath,ˈpɑːliːɹæθ,post,"['Water', 'Fighting']",119,51,90,85,95,70,90,70,500
Polteageist,ˈpɔːltiːɡaɪst,post,['Ghost'],0.9,8,60,65,65,134,114,70,508
Ponyta,ˈpoʊniːtɑː,pre,"['Fire',, 'Psychic']",66.1,39,50,85,55,65,65,90,410
Poochyena,ˌpuːtʃiːˈjɛnə,pre,['Dark'],30,20,35,55,35,30,30,35,220
Popplio,ˈpɑːpliːoʊ,pre,['Water'],16.5,16,50,54,54,66,56,40,320
Porygon,ˈpɔːɹiːɡɑːn,pre,['Normal'],80.5,0,65,60,70,85,75,40,395
Porygon-Z,ˌpɔːɹiːɡɑːnˈziː,post,['Normal'],75,35,85,80,70,135,75,90,535
Porygon2,ˌpɔːɹiːɡɑːnˈtuː,post,['Normal'],71.7,0,85,80,90,105,95,60,515
Primarina,ˌpɹiːməˈɹinə,post,"['Water', 'Fairy']",97,71,80,74,74,126,116,60,530
Primeape,ˈpɹaɪmeɪp,post,['Fighting'],70.5,39,65,105,60,60,70,95,455
Prinplup,ˈpɹɪnplʌp,post,['Water'],50.7,31,64,66,68,81,76,50,405
Probopass,ˈpɹoʊboʊpæs,post,"['Rock', 'Steel']",749.6,55,60,55,145,75,150,40,525
Psyduck,ˈsaɪdʌk,pre,['Water'],43.2,31,50,52,48,65,50,55,320
Pumpkaboo,ˈpʌmpkəbuː,pre,"['Ghost', 'Grass']",7.7,12,44,66,70,44,55,56,335
Pupitar,ˈpjuːpətɑːɹ,post,"['Rock', 'Ground']",335.1,0,70,84,70,65,70,51,410
Purrloin,ˈpɝːlɔɪn,pre,['Dark'],22.3,16,41,50,37,50,37,66,281
Purugly,pɚˈʌɡliː,post,['Normal'],96.6,39,71,82,64,64,59,112,452
Pyroar,ˈpaɪɹɔːɹ,post,"['Fire', 'Normal']",179.7,59,86,68,72,109,66,106,507
Pyukumuku,ˌpjuːkuːˈmuːkuː,pre,['Water'],2.6,12,55,60,130,30,130,5,410
Quagsire,ˈkwæɡsaɪɚ,post,"['Water', 'Ground']",165.3,55,95,85,85,65,65,35,430
Quaquaval,ˈkwɑːkwəvɑːl,post,"['Water', 'Fighting']",136.5,71,85,120,80,85,75,85,530
Quaxly,ˈkwæksliː,pre,['Water'],13.4,20,55,65,45,50,45,50,310
Quaxwell,ˈkwækswɛl,post,['Water'],47.4,47,70,85,65,65,60,65,410
Quilava,kwɪˈlɑːvə,post,['Fire'],41.9,35,58,64,58,80,65,80,405
Quilladin,ˈkwɪlədɪn,post,['Grass'],63.9,28,61,78,95,56,58,57,405
Qwilfish,ˈkwɪlfɪʃ,pre,"['Water', 'Poison', 'Dark', 'Poison']",8.6,0,65,95,75,55,55,85,430
Raboot,ˈɹæbuːt,post,['Fire'],19.8,24,65,86,60,55,60,94,420
Rabsca,ˈɹæbskə,post,"['Bug', 'Psychic']",7.7,12,75,50,85,115,100,45,470
Raichu,ˈɹaɪtʃuː,post,"['Electric', 'Psychic', 'Electric']",66.1,31,60,90,55,90,80,100,475
Raikou,ˈɹaɪkoʊ,pre,['Electric'],392.4,75,90,85,75,115,100,115,580
Ralts,ˈɹɑːlts,pre,"['Psychic', 'Fairy']",14.6,16,28,25,25,45,35,40,198
Rampardos,ræmˈpɑːɹdoʊs,post,['Rock'],226,63,97,165,60,65,50,58,495
Rapidash,ˈɹæpɪdæʃ,post,"['Psychic', 'Fairy', 'Fire']",209.4,67,65,100,70,80,80,105,500
Raticate,ˈɹæɾɪkeɪt,post,"['Dark', 'Normal', 'Normal']",40.8,28,55,81,60,50,70,97,413
Rattata,ɹəˈtæɾə,pre,"['Dark', 'Normal', 'Normal']",7.7,12,30,56,35,25,35,72,253
Rayquaza,ɹeɪˈkweɪzə,pre,"['Dragon', 'Flying']",455.3,276,105,150,90,150,90,95,680
Regice,ˈɹɛdʒaɪs,pre,['Ice'],385.8,71,80,50,100,100,200,50,580
Regidrago,ˌɹɛdʒiːˈdɹɛɪɡoʊ,pre,['Dragon'],440.9,83,200,100,50,100,50,80,580
Regieleki,ˌɹɛdʒiːəˈlɛkiː,pre,['Electric'],319.7,47,80,100,50,100,50,200,580
Regigigas,ˌɹɛdʒiːˈɡiːɡəs,pre,['Normal'],925.9,146,110,160,110,80,110,100,670
Regirock,ˈɹɛdʒiːɹɑːk,pre,['Rock'],507.1,67,80,100,200,50,100,50,580
Registeel,ˈɹɛdʒiːstiːl,pre,['Steel'],451.9,75,80,75,150,75,150,50,580
Relicanth,ˈɹɛlɪkænθ,pre,"['Water', 'Rock']",51.6,39,100,90,130,45,65,55,485
Rellor,ˈɹɛlɔɹ,pre,['Bug'],2.2,8,41,50,60,31,58,30,270
Remoraid,ˈɹɛməɹeɪd,pre,['Water'],26.5,24,35,65,35,65,35,65,300
Reshiram,ˈɹɛʃəɹæm,pre,"['Dragon', 'Fire']",727.5,126,100,120,100,150,120,90,680
Reuniclus,ˌɹiːjuːˈniːkləs,post,['Psychic'],44.3,39,110,65,75,125,85,30,490
Revavroom,ˈɹɛvəvɹuːm,post,"['Steel', 'Poison']",264.6,71,80,119,90,54,67,90,500
Rhydon,ˈɹaɪdɑːn,post,"['Ground', 'Rock']",264.6,75,105,130,120,45,45,40,485
Rhyhorn,ˈɹaɪhɔːɹn,pre,"['Ground', 'Rock']",253.5,39,80,85,95,30,30,25,345
Rhyperior,ˈɹɑːɪpɪɹiːɚ,post,"['Ground', 'Rock']",623.5,94,115,140,130,55,55,40,535
Ribombee,ɹəˈbɑːmbiː,post,"['Bug', 'Fairy']",1.1,8,60,55,60,95,70,124,464
Rillaboom,ˈɹɪləbuːm,post,['Grass'],198.4,83,100,125,90,60,70,85,530
Riolu,ɹiːˈoʊluː,pre,['Fighting'],44.5,28,40,70,40,35,40,60,285
Roaring Moon,ˌɹɔɹiŋ ˈmuːn,pre,"['Dragon', 'Dark']",837.8,79,105,139,71,55,101,119,590
Rockruff,ˈɹɑːkɹʌf,pre,['Rock'],20.3,20,45,65,40,30,40,60,280
Roggenrola,ˌɹɑːɡənˈɹoʊlə,pre,['Rock'],39.7,16,55,75,85,25,25,15,280
Rolycoly,ˌɹɔːliːˈkɔːliː,pre,['Rock'],26.5,12,30,40,50,40,50,30,240
Rookidee,ˈɹʊkədiː,pre,['Flying'],4,8,38,47,35,33,35,57,245
Roselia,ɹoʊˈzɛliːə,post,"['Grass', 'Poison']",4.4,12,50,60,45,100,80,65,400
Roserade,ˈɹoʊzɹeɪd,post,"['Grass', 'Poison']",32,35,60,70,55,125,105,90,505
Rotom,ˈɹoʊtɑːm,pre,"['Electric', 'Ghost', 'Electric', 'Fire', 'Electric', 'Water', 'Electric', 'Ice', 'Electric', 'Flying', 'Electric', 'Grass']",0.7,12,50,50,77,95,77,91,440
Rowlet,ˈɹaʊlət,pre,"['Grass', 'Flying']",3.3,12,68,55,55,50,50,42,320
Rufflet,ˈɹʌflət,pre,"['Normal', 'Flying']",23.1,20,70,83,50,37,50,60,350
Runerigus,ɹuːnɛˈɹiːɡəs,post,"['Ground', 'Ghost']",146.8,63,58,95,145,50,105,30,483
Sableye,ˈseɪbəlaɪ,pre,"['Dark', 'Ghost']",24.3,20,50,75,75,65,65,50,380
Salamence,ˈsæləmɛns,post,"['Dragon', 'Flying']",226.2,59,95,135,80,110,80,100,600
Salandit,səˈlændɪt,pre,"['Poison', 'Fire']",10.6,24,48,44,40,71,40,77,320
Salazzle,səˈlæzəl,post,"['Poison', 'Fire']",48.9,47,68,64,60,111,60,117,480
Samurott,ˈsæmɚɑːt,post,"['Water', 'Dark', 'Water']",208.6,59,95,100,85,108,70,70,528
Sandaconda,sændəkɑːndə,post,['Ground'],144.4,150,72,107,125,65,70,71,510
Sandile,ˈsændaɪl,pre,"['Ground', 'Dark']",33.5,28,50,72,35,35,35,65,292
Sandshrew,ˈsændʃɹuː,pre,"['Ice', 'Steel', 'Ground']",26.5,24,50,75,85,20,30,40,300
Sandslash,ˈsændslæʃ,post,"['Ice', 'Steel', 'Ground']",65,39,75,100,110,45,55,65,450
Sandy Shocks,ˈsændiː ˈʃɑːks,pre,"['Electric', 'Ground']",132.3,91,85,81,97,121,85,101,570
Sandygast,ˈsændiːɡæst,pre,"['Ghost', 'Ground']",154.3,20,55,55,80,70,45,15,320
Sawk,ˈsɑːk,pre,['Fighting'],112.4,55,75,125,75,30,75,85,465
Sawsbuck,ˈsɑːzbʌk,post,"['Normal', 'Grass']",203.9,75,80,100,70,60,70,95,475
Scatterbug,ˈskætɚbʌɡ,pre,['Bug'],5.5,12,38,35,40,27,25,35,200
Sceptile,ˈsɛptaɪl,post,['Grass'],115.1,67,70,85,65,105,85,120,530
Scizor,ˈsɪzɔːɹ,post,"['Bug', 'Steel']",260.1,71,70,130,100,55,80,65,500
Scolipede,ˈskoʊlɪpiːd,post,"['Bug', 'Poison']",442,98,60,90,89,55,69,112,475
Scorbunny,ˈskɔːɹbʌniː,pre,['Fire'],9.9,12,50,71,40,40,40,69,310
Scovillain,ˈskoʊvɪlən,post,"['Grass', 'Fire']",33.1,35,65,108,65,108,65,75,486
Scrafty,ˈskɹæftiː,post,"['Dark', 'Fighting']",66.1,43,65,90,115,45,115,58,488
Scraggy,ˈskɹæɡiː,pre,"['Dark', 'Fighting']",26,24,50,75,70,35,70,48,348
Scream Tail,ˈskɹiːm ˌteɪl,pre,"['Fairy', 'Psychic']",17.6,47,115,65,99,65,115,111,570
Scyther,ˈsaɪθɚ,pre,"['Bug', 'Flying']",123.5,59,70,110,80,55,80,105,500
Seadra,ˈsiːdɹə,post,['Water'],55.1,47,55,65,95,95,45,85,440
Seaking,ˈsiːkɪŋ,post,['Water'],86,51,80,92,65,65,80,68,450
Sealeo,ˈsiːliːoʊ,post,"['Ice', 'Water']",193.1,43,90,60,70,75,70,45,410
Seedot,ˈsiːdɑːt,pre,['Grass'],8.8,20,40,40,50,30,30,30,220
Seel,ˈsiːl,pre,['Water'],198.4,43,65,45,55,45,70,45,325
Seismitoad,ˈsaɪzmətoʊd,post,"['Water', 'Ground']",136.7,59,105,85,75,85,75,74,499
Sentret,ˈsɛntɹət,pre,['Normal'],13.2,31,35,46,34,35,45,20,215
Serperior,sɚˈpɪɹiːɚ,post,['Grass'],138.9,130,75,75,95,75,95,113,528
Servine,ˈsɝːvaɪn,post,['Grass'],35.3,31,60,60,75,60,75,83,413
Seviper,səˈvaɪpɚ,pre,['Poison'],115.7,106,73,100,60,100,60,65,458
Sewaddle,səˈwɑːdəl,pre,"['Bug', 'Grass']",5.5,12,45,53,70,40,60,42,310
Sharpedo,ʃɑːɹˈpiːdoʊ,post,"['Water', 'Dark']",195.8,71,70,120,40,95,40,95,460
Shaymin,ˈʃeɪmɪn,pre,"['Grass', 'Flying', 'Grass']",4.6,8,100,100,100,100,100,100,600
Shedinja,ʃɛdˈɪndʒə,pre,"['Bug', 'Ghost']",2.6,31,1,90,45,30,30,40,236
Shelgon,ˈʃɛlɡɑːn,post,['Dragon'],243.6,43,65,95,100,60,50,50,420
Shellder,ˈʃɛldɚ,pre,['Water'],8.8,12,30,65,100,45,25,40,305
Shellos,ˈʃɛlɑːs,pre,['Water'],13.9,12,76,48,48,57,62,34,325
Shelmet,ˈʃɛlmət,pre,['Bug'],17,16,50,40,85,40,65,25,305
Shieldon,ˈʃiːldɑːn,pre,"['Rock', 'Steel']",125.7,20,30,42,118,42,88,30,350
Shiftry,ˈʃɪftɹiː,post,"['Grass', 'Dark']",131.4,51,90,100,60,90,60,80,480
Shiinotic,ʃiːˈnɑːtɪk,post,"['Grass', 'Fairy']",25.4,39,60,45,80,90,100,30,405
Shinx,ˈʃiːŋks,pre,['Electric'],20.9,20,45,65,34,40,34,45,263
Shroodle,ˈʃɹuːdəl,pre,"['Poison', 'Normal']",1.5,8,40,65,35,40,35,75,290
Shroomish,ˈʃɹuːmɪʃ,pre,['Grass'],9.9,16,60,40,60,40,60,35,295
Shuckle,ˈʃʌkəl,pre,"['Bug', 'Rock']",45.2,24,20,10,230,10,230,5,505
Shuppet,ˈʃʌpət,pre,['Ghost'],5.1,24,44,75,35,63,33,45,295
Sigilyph,ˈsɪdʒəlɪf,pre,"['Psychic', 'Flying']",30.9,55,72,58,80,103,80,97,490
Silcoon,ˈsɪlkuːn,post,['Bug'],22,24,50,35,55,25,25,15,205
Silicobra,sɪləˈkoʊbɹə,pre,['Ground'],16.8,87,52,57,75,35,50,46,315
Silvally,sɪlˈvælaɪː,post,['Normal'],221.6,91,95,95,95,95,95,95,570
Simipour,ˈsɪmiːpɔːɹ,post,['Water'],63.9,39,75,98,63,98,63,101,498
Simisage,ˈsɪmiːseɪdʒ,post,['Grass'],67.2,43,75,98,63,98,63,101,498
Simisear,ˈsɪmiːsɪɹ,post,['Fire'],61.7,39,75,98,63,98,63,101,498
Sinistea,ˈsɪnəstiː,pre,['Ghost'],0.4,4,40,45,45,74,54,50,308
Sirfetch'd,sɝˈfɛtʃt,post,['Fighting'],257.9,31,62,135,95,68,82,65,507
Sizzlipede,ˈsɪzləpiːd,pre,"['Fire', 'Bug']",2.2,28,50,65,45,50,50,45,305
Skarmory,ˈskɑːɹmɚiː,pre,"['Steel', 'Flying']",111.3,67,65,80,140,40,70,70,465
Skeledirge,ˈskɛlədɚdʒ,post,"['Fire', 'Ghost']",719.8,63,104,75,100,110,75,66,530
Skiddo,skɪˈduː,pre,['Grass'],68.3,35,66,65,48,62,57,52,350
Skiploom,ˈskɪpluːm,post,"['Grass', 'Flying']",2.2,24,55,45,50,45,65,80,340
Skitty,ˈskɪtiː,pre,['Normal'],24.3,24,50,45,45,35,35,50,260
Skorupi,skɔːɹˈuːpiː,pre,"['Poison', 'Bug']",26.5,31,40,50,90,30,55,65,330
Skrelp,ˈskɹɛlp,pre,"['Poison', 'Water']",16.1,20,50,60,60,60,60,30,320
Skuntank,ˈskʌntæŋk,post,"['Poison', 'Dark']",83.8,39,103,93,67,71,61,84,479
Skwovet,ˈskwʌːvət,pre,['Normal'],5.5,12,70,55,55,35,35,25,275
Slaking,ˈslækɪŋ,post,['Normal'],287.7,79,150,160,100,95,65,100,670
Slakoth,ˈslækɑːθ,pre,['Normal'],52.9,31,60,60,60,35,35,30,280
Sliggoo,ˈslɪɡuː,post,"['Steel', 'Dragon', 'Dragon']",38.6,31,68,75,53,83,113,60,452
Slither Wing,ˈslɪðɚ ˌwiŋ,pre,"['Bug', 'Fighting']",202.8,126,85,135,79,85,105,81,570
Slowbro,ˈsloʊbɹoʊ,post,"['Water', 'Psychic', 'Poison', 'Psychic']",173.1,63,95,75,110,100,80,30,490
Slowking,ˈsloʊkɪŋ,post,"['Water', 'Psychic', 'Poison', 'Psychic']",175.3,79,95,75,80,100,110,30,490
Slowpoke,ˈsloʊpoʊk,pre,"['Water', 'Psychic', 'Psychic']",79.4,47,90,65,65,40,40,15,315
Slugma,ˈslʌgmə,pre,['Fire'],77.2,28,40,40,40,70,40,20,250
Slurpuff,ˈslɝːpʌf,post,['Fairy'],11,31,82,80,86,85,75,72,480
Smeargle,ˈsmɪɹɡəl,pre,['Normal'],127.9,47,55,20,35,20,45,75,250
Smoliv,ˈsmoʊlɪv,pre,"['Grass', 'Normal']",14.3,12,41,35,45,58,51,30,260
Smoochum,ˈsmuːtʃəm,pre,"['Ice', 'Psychic']",13.2,16,45,30,15,85,65,65,305
Sneasel,ˈsniːzəl,pre,"['Dark', 'Ice', 'Fighting', 'Poison']",61.7,35,55,95,55,35,75,115,430
Sneasler,ˈsniːzlɚ,post,"['Fighting', 'Poison']",94.8,51,80,130,60,40,80,120,510
Snivy,ˈsnaɪviː,pre,['Grass'],17.9,24,45,45,55,45,55,63,308
Snom,ˈsnɑːm,pre,"['Ice', 'Bug']",8.4,12,30,25,35,45,30,20,185
Snorlax,ˈsnɔːɹlæks,post,['Normal'],1014.1,83,160,110,65,65,110,30,540
Snorunt,ˈsnoʊɹʌnt,pre,['Ice'],37,28,50,50,50,50,50,50,300
Snover,ˈsnoʊvɚ,pre,"['Grass', 'Ice']",111.3,39,60,62,50,62,60,40,334
Snubbull,ˈsnʌbʊl,pre,['Fairy'],17.2,24,60,80,50,40,40,30,300
Sobble,ˈsɑːbəl,pre,['Water'],8.8,12,50,40,40,70,40,70,310
Solgaleo,ˌsoʊlɡəˈleɪoʊ,post,"['Psychic', 'Steel']",507.1,134,137,137,107,113,89,97,680
Solosis,soʊˈloʊsɪs,pre,['Psychic'],2.2,12,45,30,40,105,50,20,290
Solrock,ˈsɔːlɹɑːk,pre,"['Rock', 'Psychic']",339.5,47,70,95,85,55,65,70,440
Spearow,ˈspɪɹoʊ,pre,"['Normal', 'Flying']",4.4,12,40,60,30,31,31,70,262
Spectrier,ˈspɛktɹiːɚ,pre,['Ghost'],98.1,79,100,65,60,145,80,130,580
Spewpa,ˈspjuːpə,post,['Bug'],18.5,12,45,22,60,27,30,29,213
Spheal,ˈsfiːl,pre,"['Ice', 'Water']",87.1,31,70,40,50,55,50,25,290
Spidops,ˈspaɪdɑps,post,['Bug'],36.4,39,60,79,92,52,86,35,404
Spinarak,ˈspɪnəɹæk,pre,"['Bug', 'Poison']",18.7,20,40,60,40,40,40,30,250
Spinda,ˈspɪndə,pre,['Normal'],11,43,60,60,60,60,60,60,360
Spiritomb,ˈspɪɹətuːm,pre,"['Ghost', 'Dark']",238.1,39,50,92,108,92,108,35,485
Spoink,spɔɪŋk,pre,['Psychic'],67.5,28,60,25,35,70,80,60,330
Sprigatito,ˌspɹɪɡəˈtiːtoʊ,pre,['Grass'],9,16,40,61,54,45,45,65,310
Spritzee,ˈspɹɪtsiː,pre,['Fairy'],1.1,8,78,52,60,63,65,23,341
Squawkabilly,ˈskwɑːkəbɪliː,pre,"['Normal', 'Flying']",5.3,24,82,96,51,45,51,92,417
Squirtle,ˈskwɝːɾəl,pre,['Water'],19.8,20,44,48,65,50,64,43,314
Stakataka,ˌstækəˈtækə,pre,"['Rock', 'Steel']",1807.8,217,61,131,211,53,101,13,570
Stantler,ˈstæntlɚ,pre,['Normal'],157,55,73,95,62,85,65,85,465
Staraptor,stɑːɹˈæptɚ,post,"['Normal', 'Flying']",54.9,47,85,120,70,50,50,100,475
Staravia,stɑːɹˈeɪviːə,post,"['Normal', 'Flying']",34.2,24,55,75,50,40,40,80,340
Starly,ˈstɑːɹliː,pre,"['Normal', 'Flying']",4.4,12,40,55,30,30,30,60,245
Starmie,ˈstɑːɹmiː,post,"['Water', 'Psychic']",176.4,43,60,75,85,100,85,115,520
Staryu,ˈstɑːɹjuː,pre,['Water'],76.1,31,30,45,55,70,55,85,340
Steelix,ˈstiːlɪks,post,"['Steel', 'Ground']",881.8,362,75,85,200,55,65,30,510
Steenee,ˈstiːniː,post,['Grass'],18.1,28,52,40,48,40,48,62,290
Stonjourner,ˈstoʊndʒɚnɚ,pre,['Rock'],1146.4,98,100,125,135,20,20,70,470
Stoutland,ˈstaʊtlənd,post,['Normal'],134.5,47,85,100,90,45,90,80,490
Stufful,ˈstʌfəl,pre,"['Normal', 'Fighting']",15,20,70,75,50,45,50,50,340
Stunfisk,ˈstʌnfɪsk,pre,"['Ground', 'Electric', 'Ground', 'Steel']",24.3,28,109,66,84,81,99,32,471
Stunky,ˈstʌŋkiː,pre,"['Poison', 'Dark']",42.3,16,63,63,47,41,41,74,329
Sudowoodo,ˌsuːdoʊˈwuːdoʊ,post,['Rock'],83.8,47,70,100,115,30,65,30,410
Suicune,ˈswiːkuːn,pre,['Water'],412.3,79,100,75,115,90,115,85,580
Sunflora,ˌsʌnˈflɔːɹə,post,['Grass'],18.7,31,75,75,55,105,85,30,425
Sunkern,ˈsʌŋkɚn,pre,['Grass'],4,12,30,30,30,30,30,30,180
Surskit,ˈsɝːskɪt,pre,"['Bug', 'Water']",3.7,20,40,30,32,50,52,65,269
Swablu,ˈswɑːbluː,pre,"['Normal', 'Flying']",2.6,16,45,40,60,40,75,50,310
Swadloon,swɑːdˈluːn,post,"['Bug', 'Grass']",16.1,20,55,63,90,50,80,42,380
Swalot,ˈswɑːlɑːt,post,['Poison'],176.4,67,100,73,83,73,83,55,467
Swampert,ˈswɑːmpɚt,post,"['Water', 'Ground']",180.6,59,100,110,90,85,90,60,535
Swanna,ˈswɑːnə,post,"['Water', 'Flying']",53.4,51,75,87,63,87,63,98,473
Swellow,ˈswɛloʊ,post,"['Normal', 'Flying']",43.7,28,60,85,60,50,50,125,430
Swinub,ˈswaɪnʌb,pre,"['Ice', 'Ground']",14.3,16,50,50,40,30,30,50,250
Swirlix,ˈswɝːlɪks,pre,['Fairy'],7.7,16,62,48,66,59,57,49,341
Swoobat,ˈswuːbæt,post,"['Psychic', 'Flying']",23.1,35,67,57,55,77,55,114,425
Sylveon,ˈsɪlviːɑːn,post,['Fairy'],51.8,39,95,65,65,110,130,60,525
Tadbulb,ˈtædbʊlb,pre,['Electric'],0.9,12,61,31,41,59,35,45,272
Taillow,ˈteɪloʊ,pre,"['Normal', 'Flying']",5.1,12,40,55,30,30,30,85,270
Talonflame,ˈtælənfleɪm,post,"['Fire', 'Flying']",54,47,78,81,71,74,69,126,499
Tandemaus,ˈtændəmaʊs,pre,['Normal'],4,12,50,50,45,40,45,75,305
Tangela,ˈtæŋɡələ,pre,['Grass'],77.2,39,65,55,115,100,40,60,435
Tangrowth,ˈtæŋɡroʊθ,post,['Grass'],283.5,79,100,100,125,110,50,50,535
Tapu Bulu,ˌtɑːpuːˈbuːluː,pre,"['Grass', 'Fairy']",100.3,75,70,130,115,85,95,75,570
Tapu Fini,ˌtɑːpuːˈfiːniː,pre,"['Water', 'Fairy']",46.7,51,70,75,115,95,130,85,570
Tapu Koko,ˌtɑːpuːˈkoʊkoʊ,pre,"['Electric', 'Fairy']",45.2,71,70,115,85,95,75,130,570
Tapu Lele,ˌtɑːpuːˈleɪleɪ,pre,"['Psychic', 'Fairy']",41,47,70,85,75,130,115,95,570
Tarountula,təˈɹaʊntʃələ,pre,['Bug'],8.8,12,35,41,45,29,40,20,210
Tatsugiri,ˌtɑːtsuːɡɪɹiː,pre,"['Dragon', 'Water']",17.6,12,68,50,60,120,95,82,475
Tauros,ˈtɔːɹoʊs,pre,"['Fighting', 'Fire', 'Fighting', 'Water', 'Normal',, 'Fighting']",194.9,55,75,100,95,40,70,110,490
Teddiursa,tɛdiːˈɝːsə,pre,['Normal'],19.4,24,60,80,50,50,50,40,330
Tentacool,ˈtɛntəkuːl,pre,"['Water', 'Poison']",100.3,35,40,40,35,50,100,70,335
Tentacruel,ˈtɛntəkɹuːl,post,"['Water', 'Poison']",121.3,63,80,70,65,80,120,100,515
Tepig,ˈtɛpɪɡ,pre,['Fire'],21.8,20,65,63,45,45,45,45,308
Terrakion,tɚˈækiːən,pre,"['Rock', 'Fighting']",573.2,75,91,129,90,72,90,108,580
Thievul,ˈθiːvəl,post,['Dark'],43.9,47,70,58,58,87,92,90,455
Throh,ˈθɹoʊ,pre,['Fighting'],122.4,51,120,100,85,30,85,45,465
Thundurus,ˈθʌndɚəs,pre,"['Electric', 'Flying']",134.5,59,79,115,70,125,80,111,580
Thwackey,ˈθwækiː,post,['Grass'],30.9,28,70,85,70,55,60,80,420
Timburr,ˈtɪmbɚ,pre,['Fighting'],27.6,24,75,80,55,25,35,35,305
Ting-Lu,tiŋˈluː,pre,"['Dark', 'Ground']",1542.6,106,165,110,130,50,80,45,580
Tinkatink,ˈtiːŋkətiːŋk,pre,"['Fairy', 'Steel']",19.6,16,50,45,45,35,64,58,297
Tinkaton,ˈtiːŋkətʌn,post,"['Fairy', 'Steel']",248.7,28,85,75,77,70,105,94,506
Tinkatuff,ˈtiːŋkətʌf,post,"['Fairy', 'Steel']",130.3,28,65,55,55,45,82,78,380
Tirtouga,tɪɹˈtuːɡə,pre,"['Water', 'Rock']",36.4,28,54,78,103,53,45,22,355
Toedscool,ˈtoʊdzkuːl,pre,"['Ground', 'Grass']",72.8,35,40,40,35,50,100,70,335
Toedscruel,ˈtoʊdzkɹuːl,post,"['Ground', 'Grass']",127.9,75,80,70,65,80,120,100,515
Togedemaru,ˌtoʊɡədɛˈmɑːɹuː,pre,"['Electric', 'Steel']",7.3,12,65,98,63,40,73,96,435
Togekiss,ˈtoʊɡəkɪs,post,"['Fairy', 'Flying']",83.8,59,85,50,95,120,115,80,545
Togepi,ˈtoʊgəpiː,pre,['Fairy'],3.3,12,35,20,65,40,65,20,245
Togetic,ˈtoʊɡətɪk,post,"['Fairy', 'Flying']",7.1,24,55,40,85,80,105,40,405
Torchic,ˈtɔːɹtʃɪk,pre,['Fire'],5.5,16,45,60,40,70,50,45,310
Torkoal,ˈtɔːɹkoʊl,pre,['Fire'],177.3,20,70,85,140,85,70,20,470
Tornadus,tɔːɹˈneɪdəs,pre,['Flying'],138.9,59,79,115,70,125,80,111,580
Torracat,ˈtɔːɹəkæt,post,['Fire'],55.1,28,65,85,50,80,50,90,420
Torterra,tɔːɹˈtɛɹə,post,"['Grass', 'Ground']",683.4,87,95,109,105,75,85,56,525
Totodile,ˈtoʊɾədaɪl,pre,['Water'],20.9,0,50,65,64,44,48,43,314
Toucannon,tuːˈkænən,post,"['Normal', 'Flying']",57.3,43,80,120,75,75,75,60,485
Toxapex,ˈtɑːksəpɛks,post,"['Poison', 'Water']",32,28,50,63,152,53,142,35,495
Toxel,tɑːksəl,pre,"['Electric', 'Poison']",24.3,16,40,38,35,54,35,40,242
Toxicroak,ˈtɑːksɪkɹoʊk,post,"['Poison', 'Fighting']",97.9,51,83,106,65,86,65,85,490
Toxtricity,tɑksˈtɹɪsətiː,post,"['Electric', 'Poison']",88.2,63,75,98,70,114,70,75,502
Tranquill,ˈtɹæŋkwɪl,post,"['Normal', 'Flying']",33.1,24,62,77,62,50,42,65,358
Trapinch,ˈtɹæpɪntʃ,pre,['Ground'],33.1,28,45,100,45,45,45,10,290
Treecko,ˈtɹiːkoʊ,pre,['Grass'],11,20,40,45,35,65,55,70,310
Trevenant,ˈtɹɛvənɪnt,post,"['Ghost', 'Grass']",156.5,59,85,110,76,65,82,56,474
Tropius,ˈtɹɑːpiːəs,pre,"['Grass', 'Flying']",220.5,79,99,68,83,72,87,51,460
Trubbish,ˈtɹʌbɪʃ,pre,['Poison'],68.3,24,50,50,62,40,62,65,329
Trumbeak,ˈtɹʌmːbiːk,post,"['Normal', 'Flying']",32.6,24,55,85,50,40,50,75,355
Tsareena,zɑːˈɹiːnə,post,['Grass'],47.2,47,72,120,98,50,98,72,510
Turtonator,ˈtɝːɾəneɪɾɚ,pre,"['Fire', 'Dragon']",467.4,79,60,78,135,91,85,36,485
Turtwig,ˈtɝːtwɪɡ,pre,['Grass'],22.5,16,55,68,64,45,55,31,318
Tympole,ˈtɪmpɔːl,pre,['Water'],9.9,20,50,50,40,50,40,64,294
Tynamo,ˈtaɪnəmoʊ,pre,['Electric'],0.7,8,35,55,40,45,40,60,275
Type: Null,ˌtaɪpˈnʊl,pre,['Normal'],265.7,75,95,95,95,95,95,59,534
Typhlosion,taɪˈfloʊʒən,post,"['Fire', 'Ghost', 'Fire']",175.3,67,78,84,78,109,85,100,534
Tyranitar,taɪˈɹænətɑːɹ,post,"['Rock', 'Dark']",445.3,79,100,134,110,95,100,61,600
Tyrantrum,taɪˈɹæntɹʌm,post,"['Rock', 'Dragon']",595.2,98,82,121,119,69,59,71,521
Tyrogue,ˈtaɪɹoʊɡ,pre,['Fighting'],46.3,28,35,35,35,35,35,35,210
Tyrunt,ˈtaɪɹʌnt,pre,"['Rock', 'Dragon']",57.3,31,58,89,77,45,45,48,362
Umbreon,ˈʌmbɹiːɑːn,post,['Dark'],59.5,39,95,65,110,60,130,65,525
Unfezant,ʌnˈfɛzənt,post,"['Normal', 'Flying']",63.9,47,80,105,80,65,55,93,478
Unown,ʌˈnoʊn,pre,['Psychic'],11,20,48,72,48,72,48,48,336
Ursaluna,ˌɝsəˈluːnə,post,"['Ground', 'Normal']",639.3,94,130,140,105,45,80,50,550
Ursaring,ˈɝːsəɹɪŋ,post,['Normal'],277.3,71,90,130,75,75,75,55,500
Urshifu,ˈɝʃiːfuː,post,"['Fighting', 'Dark', 'Fighting', 'Water']",231.5,75,100,130,100,63,60,97,550
Uxie,ˈjuːksiː,pre,['Psychic'],0.7,12,75,75,130,75,130,95,580
Vanillish,vəˈnɪlɪʃ,post,['Ice'],90.4,43,51,65,65,80,75,59,395
Vanillite,vəˈnɪlaɪt,pre,['Ice'],12.6,16,36,50,50,65,60,44,305
Vanilluxe,vəˈnɪlʌks,post,['Ice'],126.8,51,71,95,85,110,95,79,535
Vaporeon,veɪˈpɔːɹiːɑːn,post,['Water'],63.9,39,130,65,60,110,95,65,525
Varoom,vəˈɹuːm,pre,"['Steel', 'Poison']",77.2,39,45,70,63,30,45,47,300
Veluza,vəˈluːzə,pre,"['Water', 'Psychic']",198.4,98,90,102,73,78,65,70,478
Venipede,ˈvɛnɪpiːd,pre,"['Bug', 'Poison']",11.7,16,30,45,59,30,39,57,260
Venomoth,ˈvɛnoʊmɑːθ,post,"['Bug', 'Poison']",27.6,59,70,65,60,90,75,90,450
Venonat,ˈvɛnoʊnæt,pre,"['Bug', 'Poison']",66.1,39,60,55,50,40,55,45,305
Venusaur,ˈviːnəsɔːɹ,post,"['Grass', 'Poison']",220.5,79,80,82,83,100,100,80,525
Vespiquen,ˈvɛspɪkwɛn,post,"['Bug', 'Flying']",84.9,47,70,80,102,80,102,40,474
Vibrava,vaɪˈbɹɑːvə,post,"['Ground', 'Dragon']",33.7,43,50,70,50,50,50,70,340
Victini,vɪkˈtiːniː,pre,"['Psychic', 'Fire']",8.8,16,100,100,100,100,100,100,600
Victreebel,ˈvɪktriːbɛl,post,"['Grass', 'Poison']",34.2,67,80,105,65,100,60,70,480
Vigoroth,ˈvɪɡɚɑːθ,post,['Normal'],102.5,55,80,80,80,55,55,90,440
Vikavolt,ˈvaɪːkəvɔːlt,post,"['Bug', 'Electric']",99.2,59,77,70,90,145,75,43,500
Vileplume,ˈvaɪlpluːm,post,"['Grass', 'Poison']",41,47,75,80,85,100,90,50,480
Virizion,vɚˈaɪziːən,pre,"['Grass', 'Fighting']",440.9,79,91,90,72,90,129,108,580
Vivillon,ˈvɪviːjɑːn,post,"['Bug', 'Flying']",37.5,47,80,52,50,90,50,89,411
Volbeat,ˈvoʊlbiːt,pre,['Bug'],39,28,65,73,55,47,75,85,400
Volcanion,vɑːlˈkaɪniːən,pre,"['Fire', 'Water']",429.9,67,80,110,120,130,90,70,600
Volcarona,ˌvɑːlkəˈɹoʊnə,post,"['Bug', 'Fire']",101.4,63,85,60,65,135,105,100,550
Voltorb,ˈvɔːltɔːɹb,pre,"['Electric', 'Grass', 'Electric']",22.9,20,40,30,50,55,55,100,330
Vullaby,ˈvʌləbaɪ,pre,"['Dark', 'Flying']",19.8,20,70,55,75,45,65,60,370
Vulpix,ˈvʊlpɪks,pre,"['Fire',, 'Ice']",21.8,24,38,41,40,50,65,65,299
Wailmer,ˈweɪlmɚ,pre,['Water'],286.6,79,130,70,35,70,35,60,400
Wailord,ˈweɪlɔːɹd,post,['Water'],877.4,571,170,90,45,90,45,60,500
Walrein,ˈwɑːlɹeɪn,post,"['Ice', 'Water']",332,55,110,80,90,95,90,65,530
Wartortle,ˈwɔːɹtɔːɹɾəl,post,['Water'],49.6,39,59,63,80,65,80,58,405
Watchog,ˈwɑːtʃɑːɡ,post,['Normal'],59.5,43,60,85,69,60,69,77,420
Wattrel,ˈwɑːtɹəl,pre,"['Electric', 'Flying']",7.9,16,40,40,35,55,40,70,280
Weavile,ˈwiːvaɪl,post,"['Dark', 'Ice']",75,43,70,120,65,45,85,125,510
Weedle,ˈwiːdəl,pre,"['Bug', 'Poison']",7.1,12,40,35,30,20,20,50,195
Weepinbell,ˈwiːpɪnbɛl,post,"['Grass', 'Poison']",14.1,39,65,90,50,85,45,55,390
Weezing,ˈwiːzɪŋ,post,"['Poison', 'Fairy', 'Poison']",20.9,47,65,90,120,85,70,60,490
Whimsicott,ˈhwɪmsɪkɑːt,post,"['Grass', 'Fairy']",14.6,28,60,67,85,77,75,116,480
Whirlipede,ˈhwɝːlɪpiːd,post,"['Bug', 'Poison']",129,47,40,55,99,40,79,47,360
Whiscash,ˈhwɪskæʃ,post,"['Water', 'Ground']",52,35,110,78,73,76,71,60,468
Whismur,ˈhwɪsmɚ,pre,['Normal'],35.9,24,64,51,23,51,23,28,240
Wigglytuff,ˈwɪɡliːtʌf,post,"['Normal', 'Fairy']",26.5,39,140,70,45,75,50,45,425
Wiglett,ˈwɪɡlət,pre,['Water'],4,47,10,55,25,35,25,95,245
Wimpod,ˈwɪmpɑːd,pre,"['Bug', 'Water']",26.5,20,25,35,40,20,30,80,230
Wingull,ˈwɪŋɡəl,pre,"['Water', 'Flying']",20.9,24,40,30,30,55,30,85,270
Wishiwashi,ˈwɪʃiːˌwɑːʃi,pre,['Water'],0.7,8,45,20,20,25,25,40,175
Wo-Chien,woʊˈtʃiːən,pre,"['Dark', 'Grass']",163.6,59,85,90,100,100,135,70,580
Wobbuffet,ˈwɑːbəfɛt,post,['Psychic'],62.8,51,190,33,58,33,58,33,405
Woobat,ˈwuːbæt,pre,"['Psychic', 'Flying']",4.6,16,55,45,43,55,43,72,313
Wooloo,ˈwuːluː,pre,['Normal'],13.2,24,42,40,55,40,45,48,270
Wooper,ˈwuːpɚ,pre,"['Water', 'Ground', 'Poison', 'Ground']",18.7,16,55,45,45,25,25,15,210
Wormadam,ˈwɝːmədæm,post,"['Bug', 'Grass', 'Bug', 'Ground', 'Bug', 'Steel']",14.3,20,60,59,85,79,105,36,424
Wugtrio,wʌɡˈtɹiːoʊ,post,['Water'],11.9,47,35,100,50,50,70,120,425
Wurmple,ˈwɝːmpəl,pre,['Bug'],7.9,12,45,45,35,20,30,20,195
Wynaut,ˈwaɪnɑːt,pre,['Psychic'],30.9,24,95,23,48,23,48,23,260
Wyrdeer,ˈwɪɹdɪɹ,post,"['Normal', 'Psychic']",209.7,71,103,105,72,105,75,65,525
Xatu,ˈzɑːtuː,post,"['Psychic', 'Flying']",33.1,59,65,75,70,95,70,95,470
Xerneas,ˈzɝːniːəs,pre,['Fairy'],474,118,126,131,95,131,98,99,680
Xurkitree,ˈzɝkɪtriː,pre,['Electric'],220.5,150,83,89,71,173,71,83,570
Yamask,ˈjɑːmæsk,pre,"['Ground', 'Ghost', 'Ghost']",3.3,20,38,30,85,55,65,30,303
Yamper,ˈjæmpɚ,pre,['Electric'],29.8,12,59,45,50,40,50,26,270
Yanma,ˈjænmə,pre,"['Bug', 'Flying']",83.8,47,65,65,45,75,45,95,390
Yanmega,jænˈmɛɡə,post,"['Bug', 'Flying']",113.5,75,86,76,86,116,56,95,515
Yungoos,ˈjʌŋɡuːs,pre,['Normal'],13.2,16,48,70,30,30,30,45,253
Yveltal,iːˈvɛltɑːl,pre,"['Dark', 'Flying']",447.5,228,126,131,95,131,98,99,680
Zacian,ˈzɑːʃiːən,pre,"['Fairy', 'Steel', 'Fairy']",242.5,110,92,130,115,80,115,138,670
Zamazenta,ˌzɑːməˈzɛntə,pre,"['Fighting', 'Steel', 'Fighting']",463,114,92,130,115,80,115,138,670
Zangoose,ˈzæŋɡus,pre,['Normal'],88.8,51,73,115,60,60,60,90,458
Zapdos,ˈzæpdoʊs,pre,"['Electric', 'Flying', 'Fighting', 'Flying']",116,63,90,90,85,125,90,100,580
Zarude,zɑːˈɹuːd,pre,"['Dark', 'Grass']",154.3,71,105,120,105,70,95,105,600
Zebstrika,zɛbˈstɹaɪkə,post,['Electric'],175.3,63,75,100,63,80,63,116,497
Zekrom,ˈzɛkɹɑːm,pre,"['Dragon', 'Electric']",760.6,114,100,150,120,120,100,90,680
Zeraora,ˌzɛɹəʔˈɔːɹə,pre,['Electric'],98.1,59,88,112,75,102,80,143,600
Zigzagoon,zɪɡzəˈɡuːn,pre,"['Dark', 'Normal', 'Normal']",38.6,16,38,30,41,30,41,60,240
Zoroark,ˈzɔːɹoʊɑːɹk,post,"['Normal', 'Ghost', 'Dark']",178.8,63,60,105,60,120,60,105,510
Zorua,ˈzɔːɹuːə,pre,"['Normal', 'Ghost', 'Dark']",27.6,28,40,65,40,80,40,65,330
Zubat,ˈzuːbæt,pre,"['Poison', 'Flying']",16.5,31,40,45,35,30,40,55,245
Zweilous,ˈzvaɪləs,post,"['Dark', 'Dragon']",110.2,55,72,85,70,65,70,58,420
Zygarde,ˈzaɪɡɑːɹd,pre,"['Dragon', 'Ground']",672.4,197,108,100,121,81,95,95,600